200	1x	/index.html	public	?log=warn
200	1x	/flash/loading.swf	flash	
200	2x	/flash/config.xml	fixture	?rnd=0.7768474072217941
200	1x	/flash/md5.xml	flash	?rnd=0.8478271882049739
200	2x	/request/loginselectlist.ashx	fixture	?username=harness&rnd=0%2E39792079059407115
200	1x	/flash/ddt_loading.swf	flash	?rnd=0.0051231905817985535
200	1x	/flash/ui/vietnam/xml/xml.png	flash	?lv=17
200	1x	/flash/2.png	flash	?lv=17
200	1x	/flash/ui/vietnam/levelreward.xml	flash	?rnd=0.89404485700652
404	1x	/resource/flash/characterdefine.xml	MISS	?rnd=0.6245709010399878
200	1x	/request/fightspirittemplatelist.xml	vendor-request	?rnd=0.89404485700652rnd=0%2E89404485700652
200	1x	/flash/ui/vietnam/language.txt	flash	?rnd=0.89404485700652
200	1x	/flash/ui/vietnam/zhancode.txt	flash	?rnd=0.89404485700652
200	1x	/flash/ui/vietnam/swf/expression.swf	flash	?lv=17
200	1x	/flash/ui/vietnam/swf/roadcomponent.swf	flash	?lv=17
200	1x	/flash/ui/vietnam/swf/coreiconandtip.swf	flash	?lv=17
200	1x	/flash/ui/vietnam/swf/corescalebitmap.swf	flash	?lv=17
200	1x	/flash/ui/vietnam/swf/corei.swf	flash	?lv=17
200	1x	/flash/ui/vietnam/swf/coreii.swf	flash	?lv=17
200	1x	/flash/ui/vietnam/swf/chat.swf	flash	?lv=17
200	1x	/flash/ui/vietnam/swf/playertip.swf	flash	?lv=17
200	1x	/flash/ui/vietnam/swf/levelicon.swf	flash	?lv=17
200	1x	/flash/ui/vietnam/swf/enthrall.swf	flash	?lv=17
200	1x	/flash/ui/vietnam/swf/hall.swf	flash	?lv=17
200	1x	/flash/ui/vietnam/swf/toolbar.swf	flash	?lv=17
200	1x	/flash/ui/vietnam/swf/quest.swf	flash	?lv=17
200	1x	/flash/ui/vietnam/swf/awardsystem.swf	flash	?lv=17
200	1x	/request/activelist.xml	vendor-request	?rnd=0.89404485700652rnd=0%2E89404485700652
200	1x	/flash/ui/vietnam/swf/academycommon.swf	flash	?lv=17
200	1x	/request/templatealllist.xml	vendor-request	?rnd=0.89404485700652rnd=0%2E89404485700652
200	1x	/flash/ui/vietnam/swf/ddtcorescalebitmap.swf	flash	?lv=17
200	1x	/flash/ui/vietnam/swf/ddthallicon.swf	flash	?lv=17
200	1x	/flash/ui/vietnam/swf/wonderfulactivity.swf	flash	?lv=17
200	1x	/request/loaditemscategory.xml	vendor-request	?rnd=0.89404485700652rnd=0%2E89404485700652
200	1x	/request/shopitemlist.xml	vendor-request	?rnd=0.89404485700652rnd=0%2E89404485700652
200	1x	/request/cardupdatecondition.xml	vendor-request	?rnd=0.89404485700652rnd=0%2E89404485700652
200	1x	/request/cardupdateinfo.xml	vendor-request	?rnd=0.89404485700652rnd=0%2E89404485700652
200	1x	/request/cardinfolist.xml	vendor-request	?rnd=0.89404485700652rnd=0%2E89404485700652
200	1x	/request/cardbufflist.xml	vendor-request	?rnd=0.89404485700652rnd=0%2E89404485700652
200	1x	/request/consortiabuffertemp.xml	vendor-request	?rnd=0.89404485700652rnd=0%2E89404485700652
200	1x	/request/serverlist.ashx	fixture	?rnd=0%2E07989996625110507
200	1x	/request/questlist.xml	vendor-request	?rnd=0.89404485700652rnd=0%2E89404485700652
200	1x	/request/achievementlist.xml	vendor-request	?rnd=0.89404485700652rnd=0%2E89404485700652
200	1x	/request/loadallquestions.xml	vendor-request	?rnd=0.89404485700652rnd=0%2E89404485700652
200	1x	/request/loaduserbox.xml	vendor-request	?rnd=0.89404485700652rnd=0%2E89404485700652
200	1x	/request/loadboxtemp.xml	vendor-request	?rnd=0.89404485700652rnd=0%2E89404485700652
200	1x	/request/dailyawardlist.xml	vendor-request	?rnd=0.89404485700652rnd=0%2E89404485700652
200	1x	/flash/ui/vietnam/movingnotification.txt	flash	?rnd=0.89404485700652
200	1x	/request/shopgoodsshowlist.xml	vendor-request	?rnd=0.89404485700652rnd=0%2E89404485700652
200	1x	/request/loadmapsitems.xml	vendor-request	?rnd=0.89404485700652rnd=0%2E89404485700652
200	1x	/request/loadpveitems.xml	vendor-request	?rnd=0.89404485700652rnd=0%2E89404485700652
200	1x	/request/mapserverlist.xml	vendor-request	?rnd=0.89404485700652rnd=0%2E89404485700652
200	1x	/request/levellist.xml	vendor-request	?rnd=0.89404485700652rnd=0%2E89404485700652
200	1x	/request/bombconfig.xml	vendor-request	?rnd=0.89404485700652rnd=0%2E89404485700652
200	1x	/request/balllist.xml	vendor-request	?rnd=0.89404485700652rnd=0%2E89404485700652
200	1x	/request/exerciseinfolist.xml	vendor-request	?rnd=0.89404485700652rnd=0%2E89404485700652
200	1x	/request/consortiabadgeconfig.xml	vendor-request	?rnd=0.89404485700652rnd=0%2E89404485700652
200	1x	/request/dailyleagueaward.xml	vendor-request	?rnd=0.89404485700652rnd=0%2E89404485700652
200	1x	/request/dailyleaguelevel.xml	vendor-request	?rnd=0.89404485700652rnd=0%2E89404485700652
200	1x	/request/goldequiptemplateload.xml	vendor-request	?rnd=0.89404485700652rnd=0%2E89404485700652
200	1x	/request/serverconfig.xml	vendor-request	?rnd=0.89404485700652
200	1x	/request/eventrewarditemlist.xml	vendor-request	?rnd=0.89404485700652rnd=0%2E89404485700652
200	1x	/request/pettemplateinfo.xml	vendor-request	?rnd=0.89404485700652
200	1x	/request/petskillinfo.xml	vendor-request	?rnd=0.89404485700652
200	1x	/request/petconfiginfo.xml	vendor-request	?rnd=0.89404485700652
200	1x	/request/petlevelinfo.xml	vendor-request	?rnd=0.89404485700652
200	1x	/request/loadpetmoeproperty.xml	vendor-request	?rnd=0.89404485700652rnd=0%2E89404485700652
200	1x	/request/loadstrengthexp.xml	vendor-request	?rnd=0.89404485700652
200	1x	/request/itemstrengthengoodsinfo.xml	vendor-request	?rnd=0.89404485700652rnd=0%2E89404485700652
200	1x	/request/loadpetfightproperty.xml	vendor-request	?rnd=0.89404485700652rnd=0%2E89404485700652
200	1x	/request/loadpetstarexp.xml	vendor-request	?rnd=0.89404485700652rnd=0%2E89404485700652
200	1x	/request/suittemplateinfolist.xml	vendor-request	?rnd=0.89404485700652rnd=0%2E89404485700652
200	1x	/request/suitpartequipinfolist.xml	vendor-request	?rnd=0.89404485700652rnd=0%2E89404485700652
200	1x	/request/loginawarditemtemplate.xml	vendor-request	?rnd=0.89404485700652rnd=0%2E89404485700652
200	1x	/request/newtitleinfo.xml	vendor-request	?rnd=0.89404485700652
200	1x	/request/activitysystemitems.xml	vendor-request	?rnd=0.89404485700652rnd=0%2E89404485700652
200	1x	/request/clothpropertytemplateinfo.xml	vendor-request	?rnd=0.89404485700652rnd=0%2E89404485700652
200	1x	/request/clothgrouptemplateinfo.xml	vendor-request	?rnd=0.89404485700652rnd=0%2E89404485700652
200	1x	/request/toteminfo.xml	vendor-request	?rnd=0.89404485700652rnd=0%2E89404485700652
200	1x	/request/totemhonortemplate.xml	vendor-request	?rnd=0.89404485700652
200	1x	/request/setsbuildtemp.xml	vendor-request	?rnd=0.89404485700652rnd=0%2E89404485700652
200	1x	/request/fightlabdropitemlist.xml	vendor-request	?selfid=NaNkey=5235e377073df75fa7397f950f96b4de&rnd=0.89404485700652selfid=NaN&key=5235e377073df75fa7397f950f96b4de&rnd=
200	1x	/request/login.ashx	fixture:socket	?selfid=NaN&rid=&site=&p=m%2BVtwhtGO38X1kdejQK9vdmv%2BtiTNQ6mjnEFZdC1g%2FUoMlKcvPYuuDD8lZVIaaYFAYeBfT0iPTiQwvRNJuJSheNeM
404	4x	/resource/image/equip/f/suits/default/1/show.png	MISS	?lv=17
404	4x	/resource/image/equip/m/glass/default/1/show.png	MISS	?lv=17
404	4x	/resource/image/equip/m/glass/default/2/show.png	MISS	?lv=17
404	4x	/resource/image/equip/m/head/default/1/show.png	MISS	?lv=17
404	4x	/resource/image/equip/m/head/default/2/show.png	MISS	?lv=17
404	4x	/resource/image/equip/m/eff/default/1/show.png	MISS	?lv=17
404	4x	/resource/image/equip/m/eff/default/2/show.png	MISS	?lv=17
200	1x	/flash/ui/vietnam/swf/trainer.swf	flash	?lv=17
404	4x	/resource/image/equip/m/cloth/default/1/show.png	MISS	?lv=17
404	4x	/resource/image/equip/m/cloth/default/2/show.png	MISS	?lv=17
404	4x	/resource/image/equip/m/cloth/default/3/show.png	MISS	?lv=17
404	4x	/resource/image/equip/m/hair/default/1/b/show.png	MISS	?lv=17
404	4x	/resource/image/equip/m/hair/default/2/b/show.png	MISS	?lv=17
404	4x	/resource/image/equip/m/face/default/1/show.png	MISS	?lv=17
404	4x	/resource/image/equip/m/face/default/2/show.png	MISS	?lv=17
404	4x	/resource/image/equip/m/face/default/3/show.png	MISS	?lv=17
404	4x	/resource/image/arm//1/0/show.png	MISS	?lv=17
404	4x	/resource/image/equip/wing/default/wings.swf	MISS	?lv=17
200	1x	/flash/ui/vietnam/swf/trainerui.swf	flash	?lv=17
