03-janelas	academycommon__41.jpg	129	„ Plt©ng)en? GiÐ @#tÐ 7 0m90) t9 m7 nhàytròhợpllực/Vượt;mọi thử/thách 2= "— 2/08/00000009090n/08060 0. | >q ) | 9% q4 —_ <K@ Hay quá! pm Bonmình cũng x AE? x # 
03-janelas	elitegame__6_EliteGame.ruleBmp.png	123	1Giải|đấu|VualGallà giải đấu/thường|niên(môi tuần/được chia làm) 2giàảiinhö/hơnllàïCấp†30540ÏvàYCấpY41550Ï 2ÄNgười chơi tham gia CnoptoroGrtoB0eredrOnroigi kiện
05-icones	churchroomlist__18_asset.church.main.picPreviewAsset.png	72	ï i * —¬¬<s ; Na P j (2 .j J ; (1. -¬ Ta th . ` “5t tìm in ¡ (AD?ø) ch 5 mìmh.. 4 A l7 Định tình suốt đời không Chí là lời nổi Suống mà như 1 trách nhiệm,một vậ
06-combate-outros	email__30_asset.email.helpPageWord.png	53	(Gànlưuý/các điêm sau đây khi sử dụng, HỨ ° (EKhông/thê gửi xuấvàng vật phẩm|khóa 2Axniigửilthưyláy/xuấtronglthời(gian/quy, định/néu/chưađượcïthanh!toángthu số:
05-icones	room__138_asset.room.view.bigMapInfoPanel.eliteGameBtnAsset.png	44	KGiAIIVuAYGÀV 131 1. Chỉ có thế tham gia khí trong thời gian diễn ra sự kiện 2. Người chơi phải đạt level 30 trở lên mới được tham gia giải đấu bi in gu cao nhấ
03-janelas	league__5_asset.leagueShopFrame.bg.png	43	1 1. Gunner tham gia tôi thiêu (LX20E thời gian 20:00-22:00 mỗi ¡ : ngày. To HH ng 1 2: Thời gian mỡ 2V2 tự do hoặc Ouild chiến nhận Lệnh Bài. chiến đấu mặt địn
06-combate-outros	_corei__189_asset.core.consortionManager.BG.png	40	IGuldiShooỷỷỷỷy, Cấp 1 r7 Điểm hiền tặng Cắp 2 r7 Điểm hiền tặng Cắp 3 r1 Điểm hiền tặng Cấp 4 r1 Điểm hiền tặng Cấp 5 r1 Điểm hiền tặng Tiệm rèn Guild: r1 Điểm
04-botoes-titulos	corei__115_asset.core.consortionManager.BG.png	36	tml89x W0 Cấp 1 r7 Điểm hiền tặng Cắp 2 r7 Điểm hiền tặng Cắp 3 r1 Điểm hiền tặng Cấp 4 r1 Điểm hiền tặng Cấp 5 r1 Điểm hiền tặng Tiệm rèn Gùild: r1 Điểm hiền t
02-lobby-hall	hall_old__4_asset.hallSaveFile.noviceBG.png	35	Đề) gamelđượcithuận|tiệnwGùnn gameđược: 1ÿJyêu (cầu; bạnImở/chứcïnăngllưucủaŸAdobeIFlashiPlayer, (ú điểm: Adobe Flash Player Setling Không cần tải lại Local Sto
05-icones	hotspringroomlist__12_asset.HotSpringMainView.IMGBGAsset.png	31	= - = ‹ . & ; Z2 . P SUỐI NƯỚC 1g (›.ZZA mm... Chúng tôi đã thiết kế một tính năng mới,bạn không cần can - _ f chiến đấu cực, lực nữa/chỉ cần mỗi ngày thư gián 
00-site-pagina-jogar	referencia-ddclassico.png	30	LI r 4 HN ; E mm : se -_WWAm << —¬ñúñumíủ áp -. Uấ. 7> 0/4590 22 —¬ Tá .< .à vi me ÔsatosrG- mg . ~Ú ” ; J Âm? . SÍs===N ác „ UẾn HAI ` "2 si \ RE |...:| là mi 
02-lobby-hall	hall__7_asset.hallSaveFile.noviceBG.png	29	Đề [bạn/chơilgamefdượethuận tiện (Gunnyiyeulcdu, bạnImở/chứcïnăngllưucủaŸAdobeIFlashiPlayer, tú; Adobe Flash Player Sefing Không cần tải lại Local Storage Giảm 
03-janelas	newchickenbox1__32.png	28	Sau đó/Gunnor có thẻ dùng xuyên thầu đẻ nhìn thầu báu vật khi lật bài.Khi không còn cơ hội lật. bài thì hệ thống số tự chuyển đền vòng tiếp theo. Gunner thoát k
03-janelas	newchickenbox__32.png	28	Sau đó/Gunnor có thẻ dùng xuyên thầu đẻ nhìn thầu báu vật khi lật bài.Khi không còn cơ hội lật. bài thì hệ thống số tự chuyển đền vòng tiếp theo. Gunner thoát k
03-janelas	awardsystem1__112_asset.awardSystem.surpriseRoulette.bg.png	24	Z~^<iJN ZZ XS — 4 ồ 2 ⁄ „⁄4ỳế h V2 EerA an: 561414344445444444444444444-9944444466:)) 9N ể ⁄ ` Chúc mừng! ; Ễ 4 ma & Bạn nhận được các vật phẩm sau : / ì ”. tà 
05-icones	hotspringroom__307.jpg	23	X2 AE CO C 9 920.«9' 02/0200 2972290 72229229) 929 222/9À RA 29222 ` G4 sI 29022 Ũ s xe 2 “1 | ” ng ZA cá 3 0 0n 90g 9g TM >4 72 ., . : lo xe 4 x4 t.. 99/67 7 s
02-lobby-hall	hall__4_asset.hall.battleLABS.png	22	t2honoltap]tuyen) tro /0E29/10/0000/0009012116121/099/01949/210) n2: vc-. . " `. „CEEB KEEEOOSO qụ vh ! — ⁄i ¡ SP /œ Và ế| Ni kg ở - Lò tế EU (và Đà ca 22727/KP
04-botoes-titulos	core__266.png	22	cát [7] Điểm hiến tặng cá2 [7] Điểm hiến tặng cá [ ] Điểm hiến tặng cáp „Điểm hiến tặng cáo ˆ” ] Điểm hiến tặng —_... [FT oin hiền tặng
02-lobby-hall	hall_old__7_asset.hall.battleLABS.png	21	(Plsrete) Zìo [|Uy/eYm Tri /0E29/10/0000/0009012/12121/099/01949/210) c2, r. x. ... 4n4=45) tsjsdsd : ~- „CEEB KEEEOOSO gu và —— mua .Ñ TỐ (về Đ Xà GA 2/22/20 1
03-janelas	bagandinfo2__16_bagAndInfo.info.personalInfoBgAsset.png	20	Thông tin"cá'nhân XépIhạng - Gulld: Nón "Tay| | Nhẫn By Bong Mắt chuyển Vật Bộ| | Cánh tình) [Hỗ trợ Vũ khí Trợ thủ Khác Am Lực chiến | | | Tấn mu Nhanh Sátthươ
03-janelas	bagandinfo__16_bagAndInfo.info.personalInfoBgAsset.png	20	Thông tin"cá'nhân XépIhạng - Gulld: Nón "Tay| | Nhẫn By Bong Mắt chuyển Vật Bộ| | Cánh tình) [Hỗ trợ Vũ khí Trợ thủ Khác Am Lực chiến | | | Tấn mu Nhanh Sátthươ
06-combate-outros	enthrall__10_asset.core.view.enthrall.Alert.png	20	Thông tin CMND của bạn chưa đây _ đủ, theo quy định sẽ bị ảnh hưởng vế của hệ thống 5n chơi hãy đăng ký
03-janelas	awardsystem__103_asset.awardSystem.surpriseRoulette.bg.png	19	⁄«$99¿~ 4® © 4 Ø(ORÀN cà 42. x— = Áấ : Co eo số ae eouseedseuyeadennenes Cu ùn ể ⁄ 1 Chúc mừng! ; 1 ì 4 2/7 & Bạn nhận được các vật phẩm sau ) / V 2 kà vs 9 >2 
06-combate-outros	gemstone__2_gemstone.rigth.view.png	17	~ —O - xe Geyser U .ị Ị | ; .ị r "ị U L 3 1 ‡ 17 L | 1 | U ậ L , Ủ T ¡ | Ỹ "ị L j L 1| g u } 11 U ' U T U ' 1 si ] ! 1 ¡ H4 l 4 Ũ 4 7 Í 1 1 L J Ỹ "1 Í Ï NI SN I
03-janelas	wonderfulactivity__16_wonderfulactivity.conRank.bg.jpg	16	⁄ lề . 3. é A' Ầ ; È-Đua top tiêu phí Nhậnquàthäøa ZZ ˆ II 1 ® ` => —®A..-=~== ~. 2 319“9 2“ £ _........ọ/o Z ⁄ ' Tiêu phí top 10 nhận thưởng tương ứng, kết thú
02-lobby-hall	hall_old__301.png	15	Đây là nơi đề người chơi tự do thách đầu, chiến đầu, tham gia guild chiến với nhau.
02-lobby-hall	hall__209.png	15	Đây là nơi đề người chơi tự do thách đầu, chiến đầu, tham gia guild chiến với nhau.
03-janelas	bagandinfo1__20_bagAndInfo.info.personalInfoBgAsset.png	14	Thông tin"cá'nhân xép/hạng - Gulld: RE _Tay| | Nhẫn By Bong Mắt chuyêi Vật Bộ Cánh h Hỗ trợ Vũ khí Trợ thủ Khác Am Lực chiến | (WWTeeeeCo2øeiSsmu .) 50999 `2: n
03-janelas	wonderfulactivity__7_wonderfulactivity.hero.back.png	14	- ki —Y Yì . xfisluyèmgiinogitx Anh hùng khắp nơi đều tập trung tại đây, trở thành trung tâm thế giới! ˆ Thích làm người nồi tiếng thì hãy có lênnao‹l => V 4l l
04-botoes-titulos	corei__24_asset.vip.giftFrameTitle.png	14	ChúcYmừng nhậnTđược!túi/VIPbanTđãïnhậnYđược' bợp gà phần TƯ E SHIẾ
05-icones	hotspringroom__70.png	14	/j nb Ôn 2B 2 ở : ĐẦU . EM HIẾN h3 zˆ. ` dã — vn VN KẾ : Na - . . Ẽ 132A 0U II N EG ng : na và Tà :v NGA Zs GD 53 An, G nh .Sường và, HN 4 v0 vi bu lM g . vo ẤN
06-combate-outros	petsbag__33_petsBag.eat.bg.png	14	¿ 7 nn n . THE : ễ E | ! V4 vị | Ệ s : ị Ẹ Ầ GxÀ 77% II . HH. 1 1Ñ Ñ 3 Ệ l "H. Ẽ lô. + 3 E .. 4 Ể À ; 3 - í vi ST Thuộc tính gốc Thuộc tính mới và) | = E TE N C
02-lobby-hall	hall_old__310.png	12	Tìm kiếm những sư phụ giỏi,những đệ tử tiềm năng,cùng nhau phát triễn
02-lobby-hall	hall__198.png	12	Nuướt "SN ` hs 3) | ? ii . 4 Lo: “N í vn / sa n4 s \ \ N ¬^A 2 ng N 4 | r LSO Ss LoN sa BC Cà \ 22 co S48 \.⁄25 đi lề 3h n2 S4 \- 2< J 32 2S AI . : Là in rếc gi
02-lobby-hall	hall__218.png	12	Tìm kiếm những sư phụ giỏi,những đệ tử tiềm năng,cùng nhau phát triễn
02-lobby-hall	hall_old__290.png	11	» : .$ ˆ VN : \ ở AW4"ttÏ ấn m › h >À 'iv R 7 N ( À<Z />~ .. R = . \ Ầ 42 > ! \ \ : >2 22234, \ \ Mà | 4 De. s#?- So | Ñ Š . | ¡ Sơ 2224 Z | . Z5 on. 2n | là 0 
04-botoes-titulos	coreii__30_asset.shop.ShopRechargeGoodsBg.png	11	Bạn cản trả: Hiện có: 7. Xu Xu V Lễ kim V Lễ kim | Bạn có vật phẩm cần liếp phí |
03-janelas	firsttainer__336_asset.train.gameOverBG.png	10	(ChoeimongiBon nhan được cáo vạt phẩm sau 5 te ——HOHÙ£«sN mm Tnhh về Ệ (99mc)>d) # G Thêm 1 lần tắn công | ! H ¿ : —"”"””:”:”;oX4 -— Gmmỳ -
05-icones	churchroomlist__19_asset.church.main.bgJoinListAsset.png	10	= ~R => = v ặ Nz>⁄ = 3= vi“ (7? N 2 N ZSÀ >> ¬ = => ề, CĂN ¬Y® . Z Tham gĩa lễ cưới NO m— NI (Ễ : : ——=¬Ú¬1 N 4 | L _., - -_ 7: ” = NI ï ] = Em 272100 97975 z /
05-icones	room__140_asset.room.view.bigMapInfoPanel.freeModeBtnAsset.png	10	1.Không giới hạn. 2.Tư động chọn bản đô. ; 3.Ưu tiên xếp theo . övel.
05-icones	room__71_asset.room.view.RoomRightPropViewBGAsset.png	10	Phòng | EGGI 001CUIthoOIngười EEE2EOPR mg "Rương đạo cụ chiền đầu _— 790777ù2797-76
06-combate-outros	_corei__179_asset.church.UnmarryAsset.png	10	$ Không dế đê có |người|hiểu|mình chẳng; lẽÏkếttthúc tình/cảmvo/chông|thật'sao?2
02-lobby-hall	hall_old__104.jpg	9	7 NI TỐ "ha 2. 7N 7: ~;. <_.. - nan L3 4 T 2 Ừ AT 2 4h ` cN 7G ¬ Ø9 on ”»ụ " TNG Sa \ à xo. +? “52. Ni NON -— Z7 A GA AI. vu & lu Ư òg Lê Z n4 lấn .hỄ vi ] lai 
02-lobby-hall	hall__12.jpg	9	7 NI TỐ "ha 2. 7N 7: ~;. <_.. - nan L3 4 T 2 Ừ AT 2 4h ` cN 7G ¬ Ø9 on ”»ụ " TNG Sa \ à xo. +? “52. Ni NON -— Z7 A GA AI. vu & lu Ư òg Lê Z n4 lấn .hỄ vi ] lai 
03-janelas	awardsystem__104_asset.awardSystem.surpriseRoulette.bg1.png	9	„29 vV ¬ . | ^ . . về nh : A ợ ‹ ˆ ^ ở uã (, ii H 1 1 Ä f g⁄ ị Ổ ._. .z . ñ . : ^> > } .Zz> `. ĐH uy SỰ .- — (vi .⁄ZxS — Ậ \ %ụ Lê ^XA>,
03-janelas	wonderfulactivity__11_wonderfulactivity.luck.backgroud.jpg	9	Đá may mắn đổi vũkhixin⁄%¬„ Thiên sứ ban phúc khủng/ø ` Chiến Thàn an 2.4 Chiên Thôn G bn 72 X4 V Z4 CA (D2 | ~.? 5 « _ Ji v 4 ⁄ . M1 ®©A 7 Š xiên nà ⁄Z2 ! S% C
03-janelas	wonderfulactivity__48_wonderfulactivity.newgamebenifit.progressframe.png	9	Z4 (G:ươ tưưG; tư | | mm mm) Nền \—ƯtvYÝẲỈ” tYm YYTnY tt r7
04-botoes-titulos	corei__142_asset.core.checkCodeBgAsset.png	9	"2x ga (, ^ . YYxy\YArÝNANZ/Ỷ: INhập/chọn/sô bện|phải đề pZ A® Apeer- Ä ~(Y “nhậpImãikiêm chứng
05-icones	room__141_asset.room.view.bigMapInfoPanel.freeModeBtnOverAsset.png	9	1.Không giới hạn. 2.Tư động chọn bã đũ. s 3.Ưu tiên xếp theo DVE
06-combate-outros	_corei__165_asset.core.checkCodeBgAsset.png	9	"2x ga (, ^ . YYxy\YArÝNANZ/Ỷ: INhập/chọn/sô bện|phải đề pZ A® Apeer- Ä ~(Y “nhậpImãikiêm chứng
03-janelas	auction__52_asset.auctionHouse.TitleBrowse_btn.png	8	Tìmvạtphẩm| Đầu giá | Vật phẩm tôi đầu giá
03-janelas	calendar__14_Calendar.LuckyNum.Grid.png	8	Điểm may | âm nh 6¡| Dư đoán hôm mắn Điểm của tôi Sau
03-janelas	calendar__3_Calendar.Grid.Title.png	8	Chủnhật Thứi Thứ2 Thứ3 Thứ4 Thứ5 Thứ6
03-janelas	consortionclub__23_asset.createConsortionFrame.BG.png	8	Xin nhập tên Guild 1 9IFApEGUIdECäan/diểu/kiện/sau 3 500/Xui 3 Nhận vật đạt trên cấp 12 > 500(X) vàng
03-janelas	wonderfulactivity__87_wonderfulactivity.farme.backgroud.png	8	F Đào kho báu n ông't ai, đầu tư ít lời nhiều!” A > “CA : VN 7 (U l Í N ÿ . “xu SN ĐH „vA b ="%. Si - vẽ ® A \ “4 — J Ms 1 /222207727/92722%ZA
05-icones	room__6_asset.roomLoading.GameMode_14.png	8	”. ỹ - á ề - s .. — mm . Mi ạ Ñ lá ñ sa œ. s : -. 2 —_—>. ¬ 4 P . . ñ Ñ r ẵ r Ầ , lự Ầ . ” é ! - ˆ On ... đ ká ¬ . . - _ u : ..
02-lobby-hall	hall_old__295.jpg	7	L . — C : ¿ \ : Ạ $ Ñ ễ $1 3" sš A <. >x ~_¬ : ra ... Ỳ á ] 4 “ : .. | vì VN Ẵ \ 2 á ~i P l. CÔ 4 "NA : | "AI n4 tụ S #. l ` kè ! . | | ý z . gì vn V 4 « Ệ . Ø5
02-lobby-hall	hall__203.jpg	7	L . — C : ¿ \ : Ạ $ Ñ ễ $1 3" sš A <. >x ~_¬ : ra ... Ỳ á ] 4 “ : .. | vì VN Ẵ \ 2 á ~i P l. CÔ 4 "NA : | "AI n4 tụ S #. l ` kè ! . | | ý z . gì vn V 4 « Ệ . Ø5
03-janelas	auction__54_asset.auctionHouse.TitleBuy_btn.png	7	JTmvitphim | ĐÁuga ||VetphảmtidâuĐRIU”[Ã]ỂÃU"”ƯUƯ/VU[U[VUVUTĐ
03-janelas	awardsystem1__93_asset.awardSystem.timeBox.FightLibTip.png	7	Phần thưởng vượt ải làn đàu tiên
03-janelas	wonderfulactivity__60_carnicalAct.bg.jpg	7	ñ ~w ÄẢ999ENGGG,,..... nX[ya 2 XI Yêu cầu | | = - trên thưởng ] Trạng thái nhận - | | | “_~Ổ.. .,X$Á 2< |
04-botoes-titulos	corei__36_asset.friendGroup.bg.png	7	Xác nhận muốn làm bạn với người này? Nhóm bạn.
04-botoes-titulos	core__196_asset.core.levelRewardRedLevelTipAsset.png	7	©ấp hiện!tai bạn nhậnđược
06-combate-outros	choicefigure__57.png	7	L 2 1 _———m ]Í : 7). Xôđ. .. . NA A t: C3 xo ". __ TI VẢ 72, - "” dễ - . . U 2 N ẽ mm - c2 . .ã 5 ặ MA ó4n kỸ “3Á - NT á > " đào na ... S. "”i. vi .a
06-combate-outros	petsbag__37_petsBag.evolution.bg.png	7	on te NI : Rumm am ÄẦ"Ẽ ưu uy uu Ñ H | Ie———mhhhhhhỷh Ñ H Ì lh Ñ l⁄ | [ || l Km nu Ni ; Ni ;R | '] lũ . Ñ ; Gắp tiền hóa Thuộc tính thêm
06-combate-outros	_corei__3_asset.friendGroup.bg.png	7	Xác nhận muốn làm bạn với người này? Nhóm bạn.
01-loading	DDT_Loading__25.png	6	ý gzeicNv1 »X GUNNY >ẽ (HUYÊN THOẠI) VI AaX 5¬ (HUYỀN THOẠI we 2S ~ s A! \ 4 lê -_mYP HG - , ` [ouại ò xin . "eR: 4 5 4 . ‡ : 2 .⁄ ¬ › N : . Kê. Ác ƠI "0G G00 G
02-lobby-hall	hall_old__312.jpg	6	;; lG 4 14 | ” —. vb ."ˆ ẤN É . Š AE e ï2 : Š v“ đo .. ⁄~ / “4 s4 .„ 2 ...ị | Vua an Ầ ì » - " ¬ _-Ị nề
02-lobby-hall	hall__220.jpg	6	;; lG 4 14 | ” —. vb ."ˆ ẤN É . Š AE e ï2 : Š v“ đo .. ⁄~ / “4 s4 .„ 2 ...ị | Vua an Ầ ì » - " ¬ _-Ị nề
02-lobby-hall	roomlist__24_asset.roomList.playerListBg_01.jpg	6	em ` ngtn—7925iưtG 2x 4 | | IEIEIEEIEIB) Cấp Giới tĩnh ! [ — ! | † Hư. Hee” ÍẲẼd no iu ?
03-janelas	worldboss__5_asset.worldbossAwardRoom.rightBg2.png	6	Đồi/phầằn'thưởng xe 7N TA TT
04-botoes-titulos	coreiconandtip1__13_asset.core.payBuffAsset72.note.png	6	IQ\ Quà tặng tiếp tục vượt ải
04-botoes-titulos	coreiconandtip__95_asset.core.payBuffAsset72.note.png	6	IO\ Quà tặng tiếp tục vượt ải
06-combate-outros	farmpettrainerui__30.png	6	. Hãy đợi cây đâm hoa kết trái rồi thu hoạch nhé 1
06-combate-outros	farmpettrainerui__60.png	6	.. 8ữ dụng phân bón oó thể rút ngần thời gian ra tu hoạch
06-combate-outros	petsbag__27_petsBag.form.bg.jpg	6	Thức tỉnh : Giữ|Năng|lượng;
02-lobby-hall	hall_old__323.png	5	Luyện tập để thành cao thủ!
02-lobby-hall	hall__231.png	5	Luyện tập để thành cao thủ!
02-lobby-hall	roomlist__23_asset.roomList.playerListBg_02.jpg	5	4 ve ng 4 S% 2m AY - lạ hao. công ^^ là G l si » | li | | | | | / | | hà >> l⁄ | xi lạ lí Ý là Ầ lP ` “Ự l4 " l4 ” mu l& l li] h l4 > (==) ==) =Z ==) =>) =) | H
02-lobby-hall	roomlist__72_asset.DungeonList.DungeonListBG.jpg	5	,AÃ ATVERYGNEh ai 0n seo VN 7 cốt 4/92/25 TỔ ÔN NINH NINH. | Ï—— 5 "SØ”xGIỈ ————————————————— —————— \”=1X Y. XY< *= s/ ⁄ Ỳ 4 t LỆ N72
03-janelas	firsttainer__157.png	5	(@JU? ZSpacebar6, thanh lực đạt nen: louôn I2 có thể bắn
03-janelas	quest__18_asset.core.quest.QuestInfoPlanTitle.png	5	kiến độ nhiệm Vụ!
03-janelas	wonderfulactivity__5_wonderfulactivity.powerBitmap.png	5	¬ r. Lá Lẻ ˆ- H L4 ` ! Lực chiền ì . M H N : M L4 ; h / C_ "s2 đã s ` H N : M L4 M H Gà M H ` H M = ấ ` NG „.
06-combate-outros	farmpettrainerui__36.png	5	=“ Ghọn 4 khoảnh đốt ống
06-combate-outros	littlegame__10_asset.littleGame.InhaleNote.png	5	Điền gÊm về eo vào øÐ @8 ft đi ồm
06-combate-outros	trainerui__35.png	5	. @llol: G8 tô nhiệm vụ nhh9n phần thường.
06-combate-outros	trainerui__3_asset.trainer.secondBg.png	5	Saulaltiéng XS ơnglthời gian (Không/onlinefcũngiđêm!thời/gianđó)
01-loading	DDT_Loading__1.jpg	4	2= (:\. xn kựử c#.#.V “ -:"¬<Vv. „H e v > | Ể lÃ 2 ẻ——m mm " m = .ø⁄ - ^ = c-
02-lobby-hall	hall__216.png	4	Ạ ._ ^. 2a ”. X 2 =<* /w: z5 : Su. Mì AI N77: Ảx l5 l > „2z % La vui `" . > ñ ñ “CS ị ¬4 ĐA —— m
03-janelas	academycommon__31_asset.academyCommon.myAcademy.freeBtn.png	4	Qợi "sử đồ
03-janelas	consortia__55_asset.consortia.myConsortiaView.chairChannelBtn.png	4	“Lời hội tưởng.
03-janelas	consortionii__1_asset.consortion.SeltaskI.png	4	Sứ mệnh gướd
03-janelas	farm__24_assets.farmShop.unSelectManure.png	4	Thuốc tăng trưởng
03-janelas	farm__83_asset.farm.baseImage1.png	4	| | ` —m_«_"”—mm— ] ”,2TInẸaOÐơoReMm-0NẦ8NDÐS-)Ạ"—- N. S
03-janelas	firstrecharge__89.png	4	(c2 ¡( 3 lị j Nẹp Làn Đầu
03-janelas	firsttainer__166.png	4	Dùng lực (ểm(xøm đẻ bán!
03-janelas	forgemain1__1_asset.wishBead.leftViewBg.png	4	#=———- > “ „ -. ; Ể “~-... . ĐỈ Tranø bị Í% TY N=.V. >> chúc phúc. . ( .
03-janelas	gameover__86_asset.experience.attachExpItemTxt_a7.png	4	Gặp đ.thủ mạnh
03-janelas	roulette__1_wonderfulactivity.zhuanpan.back.png	4	/ Ñ hề sả À ( <%> ~ Ề- ⁄ø# | 2gYP 2e AuỠNG: ¡
03-janelas	store__101_asset.store.EmbedNodeBtn.png	4	# lồi , L4 Sương d = ? kham đam. .
03-janelas	store__135_asset.store.BuyGiftBagBG.png	4	“| [Lúi cường ¡1 52 ưu đãi
03-janelas	wonderfulactivity__12_wonderfulactivity.luck.btn.png	4	Z4 E he 4 đi n P21 so... / /*Đá`mav mắn “ 7. An kuời y - Ai : °|Wszaos 4 : ; ¬>&%S2s «Gv 2g 0 7 z7 272 7 92
03-janelas	wonderfulactivity__38_wonderfulactivity.zhuanpan.back.png	4	/ Ñ hề sả À ( <%> ~ Ề- ⁄ø# | 2gYP 2e AuỠNG: ¡
04-botoes-titulos	corei__203_asset.clearingInterface.clearing.png	4	| .Bạn đã mua vật phằm |
04-botoes-titulos	ddthallicon__177.png	4	(c2 ¡( 3 lị j Nẹp Làn Đầu
04-botoes-titulos	ddthallicon__6_assets.hallIcon.teamBattleIcon.png	4	ˆ Đầu Đội
04-botoes-titulos	ddthallicon__76_assets.hallIcon.lightRoadIcon.png	4	— Ặ 7 ©@ “ 34`r\ Con Đường Vinh Quang
04-botoes-titulos	ddthallicon__82_asset.hall.flyHappyIcon.png	4	mo , - Về Trường Học Gâ
04-botoes-titulos	ddthallicon__86_asset.hallIcon.exchangeAct.png	4	5: Đổi Thưởng
04-botoes-titulos	ddthallicon__91_assets.hallIcon.DDTMatch.png	4	~ -ờe Đại.tiệc vua-gà
05-icones	challengeroom__3_asset.room.challengeChooseMap.ChooseMapBitmap.png	4	Chọn bảnTđồ
05-icones	game__282_asset.game.achiev2.png	4	«Hạt nhân thần chưởng
06-combate-outros	chickactivation__14_assets.chickActivation.frameBtnSelected2.png	4	Code Gà Đội Trưởng |
06-combate-outros	giftsystem__21_asset.GiftRecord.noGift.png	4	rY. Z| ..I c Vy 3 7 NV ¬ CN TL v.v] mznn rzvX> ] l3 2ankyamXenmtrak: :UWS) @IE\/AASWU) 0t... Min hiện ĐO Khen ĐH tệ Van \#zÍ{nJ9) (0JUE) (X9) |P 2mnV5eXnnamnXma
06-combate-outros	petsbag__457.png	4	d4pxe... LỆ Le G nG = Kỹ ,năng trang bị PSG @>e
06-combate-outros	trainer1__76.png	4	Dùng lực [ểm[Wemdễ bắn!
06-combate-outros	trainerui__83.png	4	. Khốp trêi gihwuột vòo v8 thí key trang bị @Ô lbð vòo @ đông 09g).
06-combate-outros	_corei__109_asset.clearingInterface.clearing.png	4	| .Bạn đã mua vật phằm |
02-lobby-hall	hall_old__321.jpg	3	M ”~ Ñ #. : v. ^ ; : Ÿ s .v $ : S Ắ Ặ : é œ: N " s - G l s2. . . 1 no - - ` / >> ` Ga... ‹ ” LIL ì - ~- ñ : "th #7) ..¬. . . .¬-\ỆR . ⁄x , ðx , , >4 km ; , La =
02-lobby-hall	hall_old__329.jpg	3	_ > vi - Ax Z2 . ó Z. *+ + . AZZá - s⁄Z 2% u +23 -——_. 2. nu : -_. zFE 44 \ .iZxZ.r - : K#<" Là ï 4” LZZ - tu Sl f2. x - ” ⁄ (5 sì vị . ⁄ =.. 47 ; —,Ê.. 5P .r ~
02-lobby-hall	hall__229.jpg	3	M ”~ Ñ #. : v. ^ ; : Ÿ s .v $ : S Ắ Ặ : é œ: N " s - G l s2. . . 1 no - - ` / >> ` Ga... ‹ ” LIL ì - ~- ñ : "th #7) ..¬. . . .¬-\ỆR . ⁄x , ðx , , >4 km ; , La =
02-lobby-hall	hall__237.jpg	3	_ > vi - Ax Z2 . ó Z. *+ + . AZZá - s⁄Z 2% u +23 -——_. 2. nu : -_. zFE 44 \ .iZxZ.r - : K#<" Là ï 4” LZZ - tu Sl f2. x - ” ⁄ (5 sì vị . ⁄ =.. 47 ; —,Ê.. 5P .r ~
02-lobby-hall	roomlist__28_asset.roomList.placeCount.png	3	( “sốngười
02-lobby-hall	roomlist__44_asset.DungeonList.map_PVE.png	3	“ Bảnđồ |
02-lobby-hall	roomlist__58_asset.DungeonList.hardLevel_PVE.png	3	| Mức độ . |
02-lobby-hall	toolbar__12_asset.toolbar.dailyBtnAsset.png	3	Hướng dẫn?$'
03-janelas	academy__30.png	3	Nhân đẹ?tư
03-janelas	awardsystem1__20_asset.caddy.badLuck.AwardBtnI.png	3	Phần thưởng
03-janelas	awardsystem__26_asset.caddy.LookBtn.png	3	(em phần thường)
03-janelas	awardsystem__87_asset.caddy.badLuck.AwardBtnI.png	3	———. Phần thưởng
03-janelas	bagandinfo1__62_asset.trieve.StartStrengthTip.png	3	Nhớ chien 68 (tí luyện vệt pin im
03-janelas	bagandinfo2__67_asset.trieve.StartStrengthTip.png	3	Nhớ ehien 68 (tí luyện vệt glneìm
03-janelas	bagandinfo__67_asset.trieve.StartStrengthTip.png	3	Nhớ ehien 68 (tí luyện vệt glneìm
03-janelas	consortionclub__26_asset.club.contactChairmanBtn.png	3	v—-—-Ð0ymyom, UỦ hệ chủ G
03-janelas	consortionclub__35_asset.club.acceptInvite.png	3	Thận lời mời
03-janelas	consortionii__100_asset.consortiaii.level10Btn.png	3	Cấp 8*10 sử dụng
03-janelas	consortionii__103_asset.consortion.skillIcon._8_.jpg	3	” x *, đi y ng ` : s ^^. Du M te v ..ị ° . 7 x3 ^ .. N . đàn 912 hd
03-janelas	consortion__72_asset.building.chairmanChanel.png	3	“” Lờihôi „ trưởng
03-janelas	consortion__73_asset.consortion.buyBadgeBtnTxt.png	3	Nhân chọn mua huân chương Qulld
03-janelas	ddtstore__100_asset.ddtstore.StoreIIFailBitAsset.png	3	Thất Đại s s
03-janelas	elitegame__22_EliteGame.pauungview.championBG.png	3	HC “Nhà vôđịc II I | 5 `2zx>=«/7 | Ề 4
03-janelas	newchickenbox1__6_asset.newChickenBox.start.png	3	- Bấtđầu `
03-janelas	newchickenbox__6_asset.newChickenBox.start.png	3	- Bấtđầu `
03-janelas	roulette__7_asset.roulette.startDownBtn.png	3	Bắt đầu
03-janelas	store__113_asset.store.StartComposeTip.png	3	Nhép vêo đ@y lợp tên) tren bị
03-janelas	store__82_asset.store.embedOpenHoleBtn.png	3	( Đục lỗ
04-botoes-titulos	ddthallicon__171.png	3	cS\ <% „^^ $ Đặc sắc
04-botoes-titulos	ddthallicon__3_assets.hallIcon.worshipTheMoon.png	3	-Thưởng Nguyệt
05-icones	challengeroom__1_asset.room.challengeChooseMap.RoundTime.png	3	Thời gian tắn'công mỗi vòng
05-icones	churchroom__38_asset.church.room.menuShowFireAsset.png	3	⁄ © ` \ Hiển th hóa cưới.
05-icones	churchroom__39_asset.church.room.menuShowFireAcAsset.png	3	k 2 Hiển th h0 ƯỚI
05-icones	game__167_asset.game.buff101.jpg	3	” x *, đi y ng ` : s ^^. Du M te v ..ị ° . 7 x3 ^ .. N . đàn 912 hd
05-icones	hotspringroomlist__2_asset.HotSpringMainView.roomListBGAsset.png	3	. FT [Tên phòng HN [Người IN Ị ngzese : Ã _I⁄ | | mĩ =, ;
06-combate-outros	choicefigure__4_asset.choicefigure.rightBackground.jpg	3	† lể ¡ (isem nlhêm vệ, | | M | | ° - = Nhân vật:
06-combate-outros	civil__24_asset.civil.leftViewBgIIAsset.png	3	Công Trạng thái hôn nhân Giới thiệu
06-combate-outros	email__8_asset.email.sendedButton2.png	3	'Thư,đã gửi
06-combate-outros	enthrall__2_asset.core.view.enthrall.ValidateFrameBG.png	3	' IKiếmtra)xongNbaiiee: Acễ, “Ssemuông vạt ph m0 cave ST Tên: —_ CMMD:
06-combate-outros	guildmemberweek__6_asset.guildmemberweek.AddRankingFrame.PlayerPoint.png.png	3	HiệnYcó) 'Xu”hãy/nhập số Xu góp»
06-combate-outros	littlegame__16_asset.littleGame.btnEnterGame.png	3	CC cv ~- SÀN "VớỚO TrÓ Chơi: c9 2
06-combate-outros	shop__13_asset.shop.ShopItemCellClickTryBg.png	3	ChọnImặc thử
06-combate-outros	shop__91_asset.shop.TopBtnPropUp.png	3	“Đạo cụ -
06-combate-outros	storefinebringup__1_asset.store.bringup.eatAllBtn.png	3	(x. .....À | Bồi dưỡng|nhanh |
06-combate-outros	texpsystem__4_asset.texpSystem.txtDef.png	3	Tủ luyện. phòng ngự
06-combate-outros	trainerui__56.png	3	. Øllal: đồ vôo gáø phô liên diệt qui
06-combate-outros	trainerui__62.png	3	Tưng %ếp sốt ben 69 aa90OIe(; vo GP) 09 Vêo mol
06-combate-outros	trainerui__86.png	3	. (hấp gọn vôo ti tang bộ.
06-combate-outros	trainerui__92.png	3	NhÊp t2) eiauột vêo @ô hợp (hen Gõ bồ vêo @ @fng log
06-combate-outros	_corei__197_asset.clearingInterface.buyMoney.png	3	ự 2... .. .. -... ^ x 1ZlN ˆ .- ŠL¿Z Nạp ồ \ ìZŒ Là Vi: — 12
02-lobby-hall	hall_old__113.png	2	Suôi nước nóng
02-lobby-hall	hall_old__140.png	2	ưng v4» ưu ma, IEhònglgame)
02-lobby-hall	hall_old__299.png	2	. dế .. Ị : \ : ¡ à | NI =<&=w=Ð 7 \' 1 —“ TT... \ W + ï_.[À vÐxsx..v. — Và xe“ Lành Mi
02-lobby-hall	hall_old__308.png	2	" ._ N ._ É qu cố gi. ^.- ~ ` a > : vn i s .. <5: x Na = S. . bì - bề 7Ï ` xà. < l. `: Mi 4 “~ già x _~ >>. _..
02-lobby-hall	hall_old__316.png	2	v ⁄ HN 5 ` : T ⁄ / “<< ^^. 6 vé. 5m Ầ g 4 4) tiệt
02-lobby-hall	hall__1_asset.hall.stockIcon.png	2	Ệ Chứn 2
02-lobby-hall	hall__207.png	2	- ) r ~ | 1 Ñ É | -. | —_— —— ⁄ ` À Sỹ ¡ PM 4 j , L Là. - k _~ Ầ mg LAN
02-lobby-hall	hall__21.png	2	Suôi nước nóng
02-lobby-hall	hall__224.png	2	s -_ ¬ >> T ⁄ / “<< ^^. 6 _ ma Ầ g tiệt
02-lobby-hall	roomlist__20_asset.DungeonList.pre_PVE.png	2	4 Trước `
03-janelas	auction__63_asset.auctionHouse.Browse.BidR.png	2	Giá đầu
03-janelas	awardsystem1__17_asset.awardSystem.AutoOpen.png	2	mở liên tục:
03-janelas	awardsystem1__69_ddt.view.cardBoxCaddy.openAll.png	2	Mở toàn bộ
03-janelas	awardsystem1__8_asset.caddy.badLuck.BadLuckBtnII.png	2	8X‹hangithuf thập đá
03-janelas	awardsystem1__9_asset.caddy.badLuck.BadLuckBtnI.png	2	X†hanglthu ”thập/đá:
03-janelas	awardsystem__21_asset.awardSystem.NoteBtnBG.png	2	2 Giúp đỡ `
03-janelas	awardsystem__22_asset.caddy.badLuck.BadLuckBtnII.png	2	8X‹hangithuf thập đá
03-janelas	awardsystem__34_ddt.view.cardBoxCaddy.openAll.png	2	Mở toàn bộ
03-janelas	awardsystem__91_asset.awardSystem.AutoOpen.png	2	mở liên tục:
03-janelas	bagandinfo1__3_bagAndInfo.bag.settedPWDAsset.png	2	( “Yrvrxr-r\c*xp] ¬ Mật mã cấp 2
03-janelas	bagandinfo1__48_asset.giftBtn2.png	2	(tgj Hộp quả
03-janelas	bagandinfo1__60_equipretrieve.trieveCell1.png	2	. ⁄ - ờxxixrYyxx X " Ì Thành É | phẩm f
03-janelas	bagandinfo1__78_equipretrieve.ensureBt.png	2	(®TinhlƯuyện
03-janelas	bagandinfo2__27_bagAndInfo.bag.settedPWDAsset.png	2	Í “Yrvrmr-rAcYxO] ¬ Mật mã cấp 2
03-janelas	bagandinfo2__50_asset.giftBtn1.png	2	tì) Hộp quả
03-janelas	bagandinfo2__85_equipretrieve.ensureBt.png	2	(®TinhlƯuyện
03-janelas	bagandinfo__27_bagAndInfo.bag.settedPWDAsset.png	2	Í “Yrvrmr-rAcYxO] ¬ Mật mã cấp 2
03-janelas	bagandinfo__50_asset.giftBtn1.png	2	tì) Hộp quả
03-janelas	bagandinfo__85_equipretrieve.ensureBt.png	2	(®TinhlƯuyện
03-janelas	bagandinfo__99_asset.bagAndInfo.bag.NecklacePtetrochemicalView.PtetrochemicalBtn.png	2	| 'Ưúyện hóa |
03-janelas	calendar__11_Calendar.Activity.openBag.png	2	Mở túi trang bị
03-janelas	cardsystem__6_asset.cardEquipView.viceCard1.png	2	'Thỏïphụ1
03-janelas	consortia__51_asset.consortia.myConsortiaView.displayBoardBtn1.png	2	{ Thông báo gươ
03-janelas	consortionclub__6_asset.club.memberNums.png	2	Người
03-janelas	consortionclub__9_asset.club.inviteRecord2.png	2	“ờimời
03-janelas	consortionii__13_asset.consortion.bank.title.png	2	Túi 2000/00 kCHIIOC H00 đt Số
03-janelas	consortionii__8_asset.consortion.shop.ttOfferBg.png	2	(Cống hiền)
03-janelas	consortionii__98_asset.consortiaii.level3Btn.png	2	Cáp11Š3 sử dụng
03-janelas	consortion__13_asset.placardAndEvent.weekOffer1.png	2	Điểm công th
03-janelas	consortion__62_asset.consortion.pollFrame.helpBtn.png	2	2 Giúp đỡ `
03-janelas	ddtstore__362.png	2	Lư Ệ .zs
03-janelas	farm__15_asset.farm.buyExpBtnBG.png	2	MuaJthức ăn!
03-janelas	gameover__43_asset.experience.fightExpItemTxt_b2.png	2	H.quả tác chiến
03-janelas	gameover__62_asset.experience.exploitExpItemTxt_a1.png	2	Thẻ x2 c.trạng
03-janelas	luckstar__9_luckyStar.view.RankBtnBG.png	2	[Bảng Xép Hạng.
03-janelas	newtitle__2_asset.newTitle.useBtn.png	2	| Sử dụng |
03-janelas	quest__56_asset.core.quest.buySpinelBtn.png	2	“57Z””Mua?TinhXm thạch thần bí
03-janelas	store__120_asset.ddtstore.exalt.exalt.png	2	(x Tăng cấp
03-janelas	store__121_asset.store.embedBackoutDownItem.png	2	ỹ Tháo bỏ
03-janelas	store__153_asset.store.wishBeadBG1.jpg	2	4 ` e7?) ND vn 1 KẾ 2 2 z ở XU 94 Z2 Z >. 2 X52 2K] vi, W K I x 4 v S 2 N nu
03-janelas	store__53_asset.store.transfStartTip.png	2	Nhập vào GA gi Ehvên T HĐE tình trang bì
03-janelas	store__72_asset.store.SelectMoneyTip.png	2	Kiểu trả phí:
03-janelas	store__89_asset.store.NoteBtnBG.png	2	2 Giúp đỡ `
03-janelas	vipview__12_asset.vip.repeatName.png	2	Nhậphại tên:
03-janelas	vipview__8_asset.vip.vipStatusBtn1.png	2	Tính năng VIỊP và túi VIP
03-janelas	wonderfulactivity__22_wonderfulactivity.getover.png	2	(Đã nhận
04-botoes-titulos	coreiconandtip1__141.png	2	)J'ị Na Ổ 4 . "Z4 Z2 STRCNGTH SN
04-botoes-titulos	coreiconandtip1__80_asset.core.tip.GoodsTipItemHert.png	2	Satihương
04-botoes-titulos	coreiconandtip__101_asset.seniorVipIcon.big_1.png	2	*: AC LẠC „VỊP,
04-botoes-titulos	coreiconandtip__21_asset.core.tip.GoodsTipItemHert.png	2	Satihương
04-botoes-titulos	coreii__13_asset.vote.mulAnswer.png	2	Í chọn nhiều |
04-botoes-titulos	coreii__37_asset.shop.PayTypeLabelMedal.png	2	(phương
04-botoes-titulos	coreii__46_asset.shop.LabelIconLimitCount.png	2	(s+:E=m, lượng
04-botoes-titulos	core__211_asset.vote.mulAnswer.png	2	Í chọn nhiều |
04-botoes-titulos	core__49_asset.shop.LabelIconLimitCount.png	2	(s+:Emm, lượng
04-botoes-titulos	ddthallicon__109_assets.hallIcon.cityBattle.png	2	(3 TP ĐaiØ Chiến
04-botoes-titulos	ddthallicon__118_assets.hallIcon.boguAdventureIcon.png	2	7S “ Z2) » sơ mạo hiêm
04-botoes-titulos	ddthallicon__120_assets.hallIcon.defendDDTIslandIcon.png	2	sa Đảo Ga
04-botoes-titulos	ddthallicon__203.png	2	` (P "SOU / 4 Giới Hạn
04-botoes-titulos	ddthallicon__20_assets.hallIcon.rewardTaskIcon.png	2	f6. . Thưởng
04-botoes-titulos	ddthallicon__22_asset.hall.callBackLotteryDrawIcon.png	2	#Œ: Z2 4% *THƯởng Online
04-botoes-titulos	ddthallicon__2_assets.hallIcon.catchInsect.png	2	®z hiến Chiến
04-botoes-titulos	ddthallicon__387_asset.ddthall.dungeonExploration.png	2	Zy Địa Cung
04-botoes-titulos	ddthallicon__42_assets.hallIcon.horseRace.png	2	“AS .. PA Là 1j Đua Ngựa
04-botoes-titulos	ddthallicon__43_assets.hallIcon.petIsland.png	2	®Á Thám'!Hiểm Cưng
04-botoes-titulos	ddthallicon__47_asset.hall.checkInIcon.png	2	~—:. —}._ Điểm Danh
04-botoes-titulos	ddthallicon__78_assets.hallIcon.guildmemberweekIcon.png	2	#⁄2v á 2 ý 3 Cống hiền Gulld
04-botoes-titulos	ddthallicon__99_assets.hallIcon.stockIcon.png	2	ø .Ị Chứn j Go”,
05-icones	churchroomlist__16_asset.church.roomCreateIntroAsset.png	2	Miêu tả lễ
05-icones	game__330.png	2	| 1e tệĐ gi
05-icones	room__13_asset.room.view.bigMapInfoPanel.guildModeIconAsset.png	2	ĐÀ Sư Guild(chiên
05-icones	room__62_asset.room.view.roomPlayerItemCloseBGAsset.png	2	Glick“chọn!mở??
05-icones	room__69_asset.room.view.roomPlayerItemWaitBGAsset.png	2	| ©lickfđeTđóng
06-combate-outros	changecolor__5_asset.changeColor.changeColorBtnImg.png	2	® Biến sắc
06-combate-outros	chat1__19_asset.chat.ChannelState_Current.png	2	Hiện tại
06-combate-outros	chat1__234.png	2	/S Hiện tại
06-combate-outros	chat__330.png	2	Là - ý - : .ĩ s L .ắn ì - : Nö.. L Ị 4
06-combate-outros	choicefigure__12_asset.choicefigure.btnEnterGame_up.png	2	cm” (Í ` ` . Ÿ Ao 0 Ệ hơi ] t...—-229229227277777729)
06-combate-outros	farmpettrainerui__26.png	2	Vụ tu; (Vo@G@f1 œ6 thể d0 me iên taovhaugcobddtusc
06-combate-outros	farmpettrainerui__56.png	2	. Hãy chọn 1 loại phân bón
06-combate-outros	farmpettrainerui__71.png	2	_. Kéo thức ấn" vào và cliok “Nuôi”.
06-combate-outros	giftsystem__25_asset.giftSystem.help.png	2	2 Giúp đỡ `
06-combate-outros	im__51_asset.IM.addFriendBtnAsset.png	2	& Kết bạn
06-combate-outros	petsbag__14_petsBag.advanced.groom.png	2	[Tx=ex=«=“"—“— | Đào Tạo Pet
06-combate-outros	petsbag__265.png	2	Lư Ệ .zs
06-combate-outros	petsbag__360.png	2	Lư Ệ .zs
06-combate-outros	petsbag__85_assets.petsBag.fightPower.png	2	lực chiến:
06-combate-outros	petsbag__88_assets.petsBag.fight1.png	2	Xuất trận
06-combate-outros	shop__21_asset.shop.PayPaneGetBtn.png	2	(„ Nhận Nhận.
06-combate-outros	shop__57_asset.shop.SubBtnFuncIconDown.png	2	(2ã Chức năng.
06-combate-outros	shop__58_asset.shop.SubBtnFuncIconUp.png	2	LÒ 47! l6? Chức năng.
06-combate-outros	shop__84_asset.shop.TopBtnEquipmentUp.png	2	r Trang bị. Ị
06-combate-outros	shop__92_asset.shop.TopBtnRecommendDown.png	2	| Giới thiệu | ]
06-combate-outros	texpsystem__17_asset.texpSystem.help.png	2	“2Giúp đỡ.
06-combate-outros	texpsystem__2_asset.texpSystem.txtLuk.png	2	Tu luyện” may mắn
06-combate-outros	trainer1__5.png	2	tị @ Z KIl dichuyên nhặt vũ khí và nón
06-combate-outros	trainerui__74.png	2	®ên @Ều giả na9 g©ilXOIels
06-combate-outros	trainerui__89.png	2	(Lễ @ư©ng) 69 gm90OIelx vòo 6g 0 vêo me)
06-combate-outros	weekly__23_asset.weekly.Bg.png	2	ưạng