swf	file	w	h	vn	text
academy.swf	36.png	80	33	2	Báiisử Báiisử
academy.swf	39.png	181	34	6	Bấi/làmsử/phụ Bấi!làm/sử/phụ
academy.swf	45.png	184	39	8	Nhậân!làmđệïtử Nhậân!làmđệïtử
academycommon.swf	28_asset.academyCommon.Graduate.graduateTitle.png	311	31	3	mm. tề ` ÏềÍềÝ] _..
academycommon.swf	44.png	97	21	8	Nhận làm'đệ tử Nhận làm'đệ tử
academycommon.swf	48.png	90	24	4	Bái làm'sử phụ Bái làm'sử phụ
academycommon.swf	51.png	82	24	4	Muốn bái sử Muốn bái sử
academycommon.swf	54.png	102	24	10	Muồn nhận đệ tử Muồn nhận đệ tử
academycommon.swf	57.png	545	22	18	'Sư/phụ của!tôi' Cấp; Rời mạng: Hủÿ/quan hệ' Liên lạc Sư/phụ của!tôi. Cấp; Rời mạng: Hủy quan hệ' Liên lạc
academycommon.swf	72.png	544	21	14	“Đồng môn của!tôi' Rời mạng IThêm bạn Uiên lạc “Đồng môn của\tôi) Rời mạng IThêm bạn liên lạc
academycommon.swf	76.png	536	21	18	Đệ tử/của tôi. Cáp, Rời mạng Hủÿ/quan hệ) liên lạc Đệ tử/của tôi: Cáp, Rời mạng PP ủÿ/quan hệ) liên lạc
avatarcollection.swf	1_asset.avatarColl.maleUnSelectBtn.png	259	44	3	(Ơồ: =<EIBEE (IĐ)) (GŸ =IBEE (IE))
avatarcollection1.swf	12_asset.avatarColl.itemCell.buyBtn.png	75	24	4	® MũÙa đừng “ ® MũÙa đừng é
avatarcollection1.swf	13_asset.avatarColl.itemCell.btn.png	75	23	2	PKfEP ñogte: PKfến hoạte:
avatarcollection1.swf	14_asset.avatarCollMainView.bg.png	833	433	10	Thuộc tính phụ kiện Chỉ dẫn Thuộc tính phụ kiện Chỉ dẫn
avatarcollection1.swf	6_asset.avatarColl.canActivityIcon.png	75	21	2	Kíchihoạt Kíchihoạt
avatarcollection1.swf	7_asset.avatarColl.canBuyIcon.png	84	21	6	ĐượcImua ĐượcImua
awardsystem.swf	232.png	56	52	2	— LI. Tặng quà — LI. Tặng quà
awardsystem.swf	35_asset.bead.openBG.jpg	304	198	3	X .ề ` < tư; vo. TỪ X .A ` < Hư; vo. TỪ
awardsystem1.swf	111_asset.awardSystem.surpriseRoulette.bg1.png	272	273	3	Có 2à P mì ` g*†ñ ¡ ` ý 5¬ SIUYJ AC h : ” z N ó4 ụ 2> : Zi SÀ ( l&S) Ñ Ñ . CÁ Có 2à P mì ` g1 ñ ` $ ”¬ SA h : ÂN c văn ó4 ụ 2> : Zi SA (Sa l&S) Ñ Ñ . CÁ y
awardsystem1.swf	133.png	56	52	2	¬- LI. Tặng quà ¬- LI. Tặng quà
awardsystem1.swf	13_asset.RBadLuck.GridBG.png	588	30	5	ĐH SƠN Ồ SƯ N/Ệ HỘ 2 1/Y/ xi Ợ Ư ỜN SỒ S T ỒN ĐỘ S 2223 M
awardsystem1.swf	142_asset.timeBox.smallCloseBox.png	68	63	2	thự KH. thự KH.
awardsystem1.swf	164.png	322	308	2	2 ⁄ r4 4 vn >> => x = Z2; (2x. 422 › Fx Ế - 2 ».<. "Vn 9 nem im chu; ệ < Ủ c Ắ , Ÿ]4 ` „ wx ` | "ggì 2 A r4 4 > >> = x = Z2; (2x. 42 . Fax Ế ~. Z2 ».<. "TAY" ne
awardsystem1.swf	27_asset.awardSystem.leftBG.png	306	223	6	SÀN : Ộ = đề TM \ 2, Ạ : - Š ; 2, Sề | ể 2 LÝ xi2 “Á.X/⁄Z\. Ø ¿ ae 2Ñ Ầ _ và ˆ Ỹ ¬ =\(C 122% 4 Z 2=#xs =Š. œ SÀN - | Ờ Ễ TM \ 2 Ạ : - - ⁄ 2, Sề | ể 2 LÝ xi2 “Á.
awardsystem1.swf	38_asset.awardSystem.surpriseRoulette.start.png	238	238	3	Siớại Siại
awardsystem1.swf	59_asset.offerPack.packIV.png	60	60	4	đả 7⁄4 đả 7⁄14
awardsystem1.swf	68_asset.bead.openBG.jpg	304	198	3	X .ề ` < tư; vo. TỪ X .A ` < Hư; vo. TỪ
awardsystem1.swf	70_asset.offerPack.offerNumberBG.png	128	24	2	L39999902220/009092900ƠẠNGHƠỜỌẠG: NHG | L3999000222000920//22090202200/0g0 NO NHG |
awardsystem1.swf	84_asset.timeBox.goodsCellShow.png	81	81	3	ể ` Ạạ HA ế ` kỊ A
bagandinfo.swf	15_bagAndInfo.reworkname.backgound_input.png	156	27	2	ẽwY{Y ẽw_YY
bagandinfo.swf	1_asset.avatarCollBtn2.png	118	38	2	| Trang?'Phục | Trang?'Phục
bagandinfo1.swf	2_bagAndInfo.reworkname.backgound_input.png	156	27	2	ẽwY{Y ẽw_YY
bagandinfo2.swf	15_bagAndInfo.reworkname.backgound_input.png	156	27	2	ẽwY{Y ẽw_YY
bagandinfo2.swf	1_asset.avatarCollBtn2.png	118	38	2	| Trang?'Phục | Trang?'Phục
calendar.swf	6_Calendar.Activity.CellBack2.png	218	54	4	Cỡ Ð Ðø«GeGÐT Hỗ. ` Cỡ : ưu, 7 “ícc ma `
cardsystem.swf	34_asset.cardBag.BG.jpg	424	439	2	| | | | | lại | | | | | | | | | | | 1 | | | | | | | | lại | | | | | | | | | | | 1 | | | |
cardsystem.swf	38_asset.cardEquipView.BG.jpg	397	257	11	. g - " ế ; =Á 5 c« ^ .. .. „” DA . An L i ' ._ RA? ũ Bì lu ý : LAI L M < -S - ¬. . : > Sẽ Š _ - vn „2 “ UYN in on P .: _¬ ———. = .. Ki . ” “xa 1s; ẤN ni -. 2o 
cardsystem.swf	44_asset.cardCollect.BG.jpg	818	443	48	ni NHÀ đá | 01725 s0‹ lý l2: AM Tế VỀ ở (Vina V4 Vợ há hư đi ĐC EM ề NI HH: 2a 4E 2H ZAN ĐO Nếu. SA 722 g E0 0S ÀU nh = HƯẾ 3 (V3 MA Nã . ¿NỔ xi " AAN SG T4, ' 
cardsystem.swf	63.png	138	23	4	Thuộc tính gốc Thuộc tính gốc
cardsystem.swf	64.png	117	23	4	Thuộc tính mới Thuộc tính mới
chat.swf	135.png	19	11	2	vẽ L nu | vẽ X .
chat.swf	156.png	14	17	2	=ự =ự
chat1.swf	347.png	14	17	2	=ự =ự
chat1.swf	368.png	19	11	2	vẽ L nu | vẽ X .
chatball.swf	136.png	93	96	2	M - ˆ 8 tuổi M - ˆ 6 tuổi
chatball.swf	285.png	338	309	6	Ý_" 7768 3 - „xo XE 5 s, ' Ú x ` lu - Y < SvcArsvề > ẹ. Ø) -. à * NA <2 _rề Z . ÝÁẢ 7768 3 - xo in 5 s, } Ú x ` - Y ^X SvcArsvề > ẹ. Ø) -. ạ * NA XE <2 rà Z
chatball.swf	356.png	36	15	2	Ơ Ơ
chatball.swf	359.png	32	28	2	ớe ớe
chatball.swf	362.png	27	30	2	Sợ ẹ
chatball.swf	394.png	429	257	2	c:—<u— 5g : SN / đi: LỄ :c:—<ụu“c 5g : SN / XP
chatball.swf	427.png	297	242	2	ể ể
chatball.swf	49.png	17	16	2	ợ ợ
chatball.swf	531.png	330	300	2	LŨ — À ÿ. ồ S7. SG IDDT phòn LŨ — À ÿ. ồ .%,c SG IDDT phòn
chatball.swf	561.png	241	228	2	ỳ 1⁄ ỳ 1⁄
chatball.swf	566.png	388	371	4	: R Số TT >2 “cà đAn(m!? - Ỹ Số TT >2 “à dđAn(m!?
chatball.swf	576.png	573	411	3	A Hới an S . › í ý ø Ắ N- Xổ Na -: QSÃ R `9 ÔN 7OOON z A Hới an N . › í / 5 Ắ N- XỐ SN -: QSÃ R ` 9 ÔN 7O z
chatball.swf	58.png	14	16	2	ể ể
chatball.swf	584.png	456	421	3	⁄ đá A5 lên ' ỏ 4 : í ) & (& ` => A 4 ; x2» oN . Z4 ⁄ đá A lên ' Ỏ 4 í › & (< ` => A 42 ; x2» oN . Z⁄
chickactivation.swf	11_assets.chickActivation.priceBitmap.png	56	23	2	Giá trị: Giá trị:
chickactivation.swf	5_assets.chickActivation.selectWeekly.png	106	36	6	Thườnhà vần Thườnhào vần
chickactivation.swf	7_assets.chickActivation.selectEveryDay.png	106	36	4	Thường hi, Thườnghinoney,
chickactivation.swf	9_assets.chickActivation.receiveBtn.png	100	42	2	(“Nhận Ì (“Nhận Ì
choicefigure.swf	2_asset.choicefigure.btnEnterGame_new.png	213	73	4	[ƑF 1 \ | Số ~¬Y > . L. vi 1/(2Ïn) Iẽnuủ' ; mo .. TS [Fˆ 1 \ | S~¬- > . L. vi ng 1/(2Ïn) Iinủ' ; . .. cI
choicefigure.swf	3_asset.choicefigure.btnEnterGame_old.png	261	73	2	g L ù ố( bi @ nh rh “ ï ũ ; g L ù ố( bi @ nh rh “. ï ũ ;
consortia.swf	10_asset.consortia.myConsortiaView.titleWord2.png	57	40	2	Chủ Quild Chủ guild
consortia.swf	11_asset.consortia.myConsortiaView.titleWord1.png	180	56	2	Cấp/Guúild Cấp/Guild
consortia.swf	14_asset.consortia.myConsortiaView.taxBtn.png	117	88	4	¿z2 1 ẽäCóng ^ hiền gulld £ ..—Z2.2hx0ø P7? ¿z2 1] ẽäCóng hiền gulld £ tt
consortia.swf	18_asset.consortia.myConsortiaView.storeBtn.png	116	86	2	| 5 : mm: 1 1 , ; „. áp À Kétisăt: E 1| 5 : mm: 1 , ; „. áp | Kétisăt: E
consortia.swf	19_asset.consortia.myConsortiaView.smithBtn.png	116	86	3	: => : + M 4 M ọ ~^ì , 4 M “4 M 2 M 4 H z~ : : ; : : : ;| SaT :„ Tệ ni; VY YYYEÕYY TM : => : + M . ø ~_^ì , “ “4 M 2 M 4 , z~ : : ; : : : ;| SaT :„ Tệ ni; L YYY
consortia.swf	1_asset.consortia.ExitConsortiaFrame.word.png	204	22	6	Bạn muốn thoát khỏi Guild? Bạn muốn thoát khỏi Guild?
consortia.swf	21_asset.consortia.memberList.profferDegree.png	89	20	8	Điểm hiền tặng Điểm hiền tặng
consortia.swf	23_asset.consortia.memberList.offline.png	72	20	4	Rời mạng: Rời mạng:
consortia.swf	30_asset.consortia.memberItem.light.png	484	35	2	——————;,;.m ————=~ZĂ=xttmƯFƑ=_x
consortia.swf	39_asset.consortia.myConsortiaView.levelImg2.png	62	68	2	đài 2t đhi 2t
consortia.swf	43_asset.consortia.memberList.Job.png	37	20	2	'Chức; 'Chức;
consortia.swf	44_asset.consortia.myConsortiaView.helpExplain.png	409	391	194	Lò/sanTErài Sản/có được từ nhiệm vụ/Qulld#Gulld chiềnvà tiền xui (góp vào dùng đề nâng cáp!các hạng mục/GuildŠKhi tài sản/của) lGuiidlla'o.thìJGulld vấn không b
consortia.swf	46_asset.consortia.memberList.fightPower.png	70	20	4	ức chiến) ức chiến)
consortia.swf	6_asset.consortia.myConsortiaView.titleWord6.png	49	36	2	Hạng Hạng
consortia.swf	8_asset.consortia.myConsortiaView.titleWord4.png	49	36	2	Tài sản Tài sản
consortiabattle.swf	132.png	55	173	2	lạ | ¡ A, lạ | ¡ A,
consortiabattle.swf	138.png	83	89	2	Lại x. Lại x.
consortiabattle.swf	1_asset.consortiaBattle.infoView.bg.png	351	102	6	M ==————---—---RHHWTOO2 N 7 Trận thắng: Liên thángP7 trận) =4 Tích lũy: M ——XOZ1=W—W1—_—ó,ò N 7 Trận thắng: Liên tháng trận) =4 Tích lũy:
consortiabattle.swf	48.png	71	32	2	Sát Thủ Sát Thủ
consortiabattle.swf	4_asset.consortiaBattle.infoView.hp.png	240	16	2	In HHH"m ‹_]r”r Ấ k ị In HHH"m ‹_]r”r Ấ V ị
consortiabattle.swf	50.png	96	31	4	Cuồng Bạo Cuồng Bạo
consortiabattle.swf	52.png	80	28	4	Hủy Diệt Hủy Diệt
consortion.swf	56_asset.consortion.pollFrame.itembg2.png	306	29	4	ẽ0A„ươ ẽ——~YYY nu
consortion.swf	59_asset.consortion.pollFrame.itembg1.png	306	29	4	ẽa¬„agyiiinn/guu w”a¬"=eiỚếitYTYYY=WƯƯI
consortion.swf	60_asset.memberItem.BG1.png	645	34	3	ỠL- Ề}ỈÏ ủ] .;ủ . Ỉ Ổ ỷỀ IEZIg
consortion.swf	61_asset.memberList.itemBG1.png	645	34	3	ỠL- Ề}ỈÏ ủ] .;ủ . Ỉ Ổ ỷỀ IEZIg
consortionclub.swf	13_asset.club.declareBG9.png	36	36	2	sả sả
consortionclub.swf	17_asset.club.declareBG5.jpg	36	36	5	điền Ta bồ. điền Ta bỐN.
consortionii.swf	103_asset.consortion.skillIcon.§8§.jpg	78	78	2	>4 > q ni P Lên ,Ầ v.v I4 Số. + M Lá k ý. >4 z q NH P L.n ,Ầ v.v 2” Số. + M Lá k ý.
consortionii.swf	105_asset.consortion.skillIcon.§6§.png	78	78	2	%2 q - 34 C2 kP <@) „.¬ X. - bị Ả % q - 34 t2 k 4œ) „.¬ X. - bị Ả
consortionii.swf	107_asset.consortion.skillIcon.§4§.png	78	78	2	Lộ Lộ
consortionii.swf	118_asset.consortion.bank.gold.png	101	22	2	¬._7Đ ¬.Ơ
consortionii.swf	136_asset.chairmanChannel.bg.png	230	130	2	Li L" A Z_ềừ L" A
consortionii.swf	90_asset.consortion.shop.level1.png	61	84	2	|= "ư. |= "hư
core.swf	100_asset.church.roomCreateTime2Asset.png	70	72	2	3/giờ, 3/giờ,
core.swf	104_asset.church.roomCreateTime3Asset.png	70	72	2	41giờ, 41giờ,
core.swf	10_asset.church.ProposeSysMsgAsset.png	131	20	4	Hệ thóng gửi chúc phúc Hệ thóng gửi chúc phúc
core.swf	113_asset.community.church.wedding.jpg	96	105	3	P (Z4 ẤN ¡ le ở ®ÿ x Ái HH "W4 Sẽ P (Z4 ẤN ¡ le ở ®ÿ x Ái HH "<4 Sã
core.swf	116_asset.vote.awardWord.png	354	18	19	ITrả! lời câu|hỏi sẽ nhân được phân!thưởng phong phú: ITrả! lời câu|hỏi sẽ nhận được phân|thưởng phong phú:
core.swf	130_asset.core.checkCodeBgAsset.png	498	251	16	Ễ ÿ INhấp chọn số bên phải đẻ InRapiImãikiểm chứng ! Ễ ÿ INhấp chọn số bên phải đề InhapImãikiểm chứng
core.swf	144_asset.shop.CheckOutViewBg.png	360	51	2	(QZ. nEtràải huân | s—..- tu... u.... Cà nEtràải huân | — mu... mu...
core.swf	145_asset.shop.CheckOutViewBg1.png	491	75	8	Tổng công số lương Tổng công số lương
core.swf	151_asset.core.ConsortiaAssetManager.offerBtn1.png	77	24	4	_ “Đống góp - _ “Đống góp -
core.swf	15_asset.core.QuickNumberTextBG.png	60	26	4	Người Người
core.swf	164_asset.shop.GiftsBtn.png	170	51	2	(-/Quà tăng, 2 (-/Quà tăng, 2
core.swf	171_asset.core.hideTxtAsset.png	39	18	2	Ăn Ăn
core.swf	176_asset.church.churchInviteTitleAsset.png	58	28	2	Thiệp Thiệp
core.swf	181_asset.core.levelRewardGreenFiveAsset.png	26	35	2	bị bị
core.swf	183_asset.core.levelRewardGreenLevelTipAsset.png	266	28	4	Cấp tiếp theo œemutem@is Cấp tiếp theo eemutem@is
core.swf	206_asset.core.levelRewardTitleAsset.jpg	589	45	6	„7h tiệuPhàntthưởng? „hô tiệuPhànthưởng
core.swf	209_asset.church.MarryApplySuccessAsset.png	427	93	16	” Ñ (9 GàU hôn thànhcông kiện nhấn chờ hờilâmïnha' ˆ /⁄qva dân ràngtìn yêu cuatbarvselcam động người áy. ” Ấ (9 GÀU hôn thànhcông kiện nhấn chờ hờilâmïnha: ˆ//q
core.swf	219.png	50	40	2	v.^... Lợi .. .^... Lợi ..
core.swf	231.png	50	40	2	Luan ử ˆ ử
core.swf	266.png	352	346	45	cát [7] ðiểm hiến tặng cá2 [7] Điểm hiến tặng cá: [7] Điểm hiến tặng cáo „ ] Điểm hiến tăng cáo 7] Điểm hiến tặng mƠƯ:ZZ⁄Zš;ÀãZ;p . . qˆ “ì.oiên hiến tặn cát [7
core.swf	273.png	474	109	47	"ở ở ớ ở ø Z ở z ớ 7ø P z7 nở ở ở ø ở ø # ở ø ở P7 nợ ở ớ ở ở” ớø.Píớ.........Ð.G... , ; mm H mm eøoHe me ~“* TT T702 mm II 1; , TỰ 0 Tự 2N t ở , N g C E n : , 
core.swf	292.png	474	109	47	"ở ở ớ ở ø Z ở z ớ 7ø P z7 nở ở ở ø ở ø # ở ø ở P7 nợ ở ớ ở ở” ớø.Píớ.........Ð.G... , ; mm H mm eøoHe me ~“* TT T702 mm II 1; , TỰ 0 Tự 2N t ở , N g C E n : , 
core.swf	295.png	80	34	2	IDannihiệu IDannihiệu
core.swf	2_asset.trainer.question.npc.png	87	77	2	<v >>: số, SN >1] số,
core.swf	31_asset.shop.ColorBtnUp.png	72	22	2	| Chọn màu | Chọn màu
core.swf	36_asset.shop.ColorItemSelected.png	16	16	2	ễH ễH
core.swf	39_asset.shop.shopFriendsBtn.png	76	21	4	=x"r—v-rrueg 2họn trong DS bạn -xxar—v=uueg 2họn tong DS bạn
core.swf	52_asset.shop.LabelIconRecommend.png	48	38	2	Giới E. Giới E.
core.swf	57_asset.shop.PayTypeLabelMedal.png	53	22	4	(chương CỐ chương
core.swf	65_asset.shop.TextureBtnDown.png	72	22	2	Chọn màu da Chọn màu da
core.swf	66_asset.community.InviteBtn.png	71	22	4	'&Rủcnơi '&Rủcnơi
core.swf	77_asset.community.InviteBtnBlk.png	71	22	2	'@Rủch '®@Rủch
core.swf	7_asset.church.ProposeAsset.png	420	342	2	772 sở - | | | | . 1777. ở - | | |
core.swf	84_asset.community.SendMsgBtn.png	71	22	2	E§Nhằn in E§Nhằn in
core.swf	9_asset.church.ProposeResponseAsset.png	420	342	17	x >.. ] | # œơ | L2 | ) | | | | Bạn nhận lời yêu của người ấy chứ? x >. ] | # œ | L2 ) | | Bạn nhận lời yêu của người ấy chứ?
coreiconandtip.swf	14_asset.core.freeAsset.jpg	60	60	2	30 ưng 3z ưng
coreiconandtip.swf	16_asset.core.payBuffAsset70.jpg	78	78	2	Si b đ = b đ
coreiconandtip.swf	69_asset.core.payBuffAsset71.jpg	78	78	2	sổ b „ sổ b „
coreiconandtip1.swf	37_asset.core.payBuffAsset71.jpg	78	78	2	sổ b „ sổ b „
coreiconandtip1.swf	85_asset.core.payBuffAsset70.jpg	78	78	2	Si b đ = b đ
coreiconandtip1.swf	87_asset.core.freeAsset.jpg	60	60	2	30 ưng 3z ưng
coreii.swf	150_asset.pickItemBigBg_05.png	67	67	2	ở Ñ : Ta SR SG NI Gì ở Ñ CN: Ta SS NGA Gì
coreii.swf	158.png	435	38	8	Chúc¡mừng|bạn!thăngfcáp rồi! Chúc¡mừng|bạn!thăngfcáp rồi!
coreii.swf	74_asset.core.QuickNumberTextBG.png	60	26	3	Ngư Người
corescalebitmap.swf	112_asset.pickItemBg_05.png	67	67	2	ở Ñ : Ta SR SG NI Gì ở Ñ CN: Ta SS NGA Gì
corescalebitmap.swf	388_asset.core.Scale9CornerImage.scale9CornerImage24_5.png	40	40	3	ro Ghi xen vs eo Z¬+~ 2e mơ ăn : ư-xrC-wre S—¬ em x<— ro Ghi xen avesx— “ren Zˆ¬+^ 4e x—=- O0 kg S—¬ em x=—
cursor.swf	11_asset.cursor.CursorLoading14Asset.png	32	32	2	ề ề
ddtcorescalebitmap.swf	128_asset.ddtshop.UnselectedCellBg.png	70	70	2	Lị Lị
ddtcorescalebitmap.swf	144_asset.vein.rock.png	389	324	44	Kí In A1 0 M2 VY gu kh AT in mi Nai cố nà an ch à 4 . a. › ` ga l 0 | GA VI hi 0 0 bê S2/e2) NA SP in 0n lưn ¬ 7 2 nh *' HÀ An ; . nh bi. 7C ĐC nu vi son No nh 
ddtcorescalebitmap.swf	238_asset.core.Scale9CornerImage.scale9CornerImage26_1.png	22	22	2	cỡ cố
ddtcorescalebitmap.swf	250_asset.vein.paper.png	100	100	8	9x 72 9H 3U 4P 1 2 đ in HN ng ĐÁ D th ÿ GA (nh (VN MA (NHỎ; in sài in ii 7M NA i MS 72g : 20A 0212 y24 1 nh Ly : TI MU xo hi M ĐA nh hưỞ Si ii Đa $ 9x 1229 3U S
ddtcorescalebitmap.swf	304.png	529	161	4	ươm ươm
ddthallicon.swf	105_asset.hall.farmIcon.png	74	74	2	2X S5 Nông Trại 2 S5 Nông Trại
ddthallicon.swf	107_asset.hall.continueRechargeIcon.png	74	74	2	NghờNgày NghờNgày
ddthallicon.swf	108_assets.hallIcon.happyRecharge.png	70	70	4	2Y v27 Nạp Vũi:Vỏ 2Y v27 Nạp Vũi:ỏ
ddthallicon.swf	112_assets.hallIcon.luckyStarIcon.png	70	70	2	Ạ. + › SaoMay Mắn Ạ. + › SaoMay Mắn
ddthallicon.swf	116_assets.hallIcon.newChickenBoxIcon.png	70	70	4	Em : ương Gà bu : ương Gà
ddthallicon.swf	117_assets.hallIcon.littleGameNoteIcon.png	70	70	2	”⁄.AIONA GÓA STrâ \ chiến gà, ”⁄.AONA GÓA STrâ \ chiến gà,
ddthallicon.swf	12_assets.hallIcon.entertainmentIcon.png	70	70	2	_—_ (o4 BÀ 4 VÕ /ĐÀI” GÀ-18+ __> (BÀ 4 VÕ /ĐÀI” GÀ*18+
ddthallicon.swf	130.png	70	70	4	^^ /3⁄2&š \ \ s&%s. Tớ r4 mạnh ^^ /3⁄2&š \ \ s&%s. Tớ r4 mạnh
ddthallicon.swf	140.png	70	70	8	A CA „Nạp: đặc biệt SN CA „Nạp: đặc biệt
ddthallicon.swf	146.png	70	70	2	24205 -A 41 2 IHạng 2 1 2 Hạng
ddthallicon.swf	23_assets.hallIcon.oldPlayerIcon.png	70	70	4	kg < cũ trở về se < cũ trở về
ddthallicon.swf	25_assets.hallIconl.sanxiaoBtn.png	70	70	2	œ Xếp Gà œ Xếp Gà
ddthallicon.swf	276.png	86	86	4	hườa hườa
ddthallicon.swf	28_asset.hall.consortia.task.btn.png	70	70	2	a ⁄ ; 4 Sứ¿Mênh a ⁄ ; 4 Sứ¿Mênh
ddthallicon.swf	308.png	86	86	2	Lư nu) Lư nu)
ddthallicon.swf	30_assets.hallIcon.minesIcon.png	70	70	2	Z⁄ ^ Đào NKhoáng” Z⁄ ^ Đào NKhoáng”
ddthallicon.swf	31_assets.hallIcon.angelInvestmentIcon.png	70	70	8	Z Sự Đầu Tư Z Sự Đầu Tư
ddthallicon.swf	35_asset.ddthall.trialEnterIcon.png	70	70	2	⁄4 NG Z⁄ ĐT:Không XCC Z7 ⁄4 G Z ĐT:Không Gian
ddthallicon.swf	36_assets.hallIcon.tenYearAnniversaryIcon.png	74	74	3	7 "Ca & Šã Mừng Z %Ị1 Tữði 7 "da & Šã Mừng” %Ị1 Tði
ddthallicon.swf	377.png	80	80	2	` M N ẻ ` M N ẻ
ddthallicon.swf	386_asset.ddthall.cryptBoss.png	74	74	4	⁄“Z Q È ¡a Ngụế ⁄“Z Q È ¡a Ngụế
ddthallicon.swf	45_assets.hallIcon.redEnvelope.png	70	70	2	đ- A Tên Dân Giành Lì XI đ- A Tên Dân Giành Lì XI
ddthallicon.swf	48_assets.hallIcon.prayIndianaIcon.png	70	70	6	⁄ZZSTN vn Đoạt'Bảo na Am Đoạt Bảo
ddthallicon.swf	49_assets.hallIcon.magpiebridge.png	70	70	4	Ni, Càu?Ô' Thước Ni, Càu?Ô' Thước
ddthallicon.swf	50_assets.hallIcon.sevendayIcon.png	70	70	3	x. Mục tiêu `7 ngày về Mục tiêu `7 ngày
ddthallicon.swf	51_assets.hallIcon.sevenDayTargetIcon.png	70	70	2	6 lợi 6 lợi
ddthallicon.swf	54_asset.hall.familyFoodIcon.png	74	74	3	é Cơm 2 niên ér Cơm nợ niên
ddthallicon.swf	55_assets.hallIcon.newYearRiceIcon.png	70	70	2	sinh nhật sinh nhật
ddthallicon.swf	56_asset.hall.magicWardrobe.png	70	70	4	“A e9 Tử Ma-Thuật “À e9 Tử Ma-Thuật
ddthallicon.swf	57_asset.hall.wheelOfFortuneIcon.png	70	70	8	7. và ^. ấu -Trường =. Mộnh Z7. và ^. ấu -Trường P. Mộnh
ddthallicon.swf	59_assets.hallIcon.leagueIcon.png	70	70	2	4 ` | t7? Chiến thân 4á N | t7? Chiến thân
ddthallicon.swf	5_assets.hallIcon.godOfWealthIcon.png	70	70	2	&%> Thần Tài &%> Thần Tài
ddthallicon.swf	60_assets.hallIcon.signActivity.png	70	70	2	lề N "ngày lề N "ngày
ddthallicon.swf	61_assets.hallIcon.conRechargeIcon.png	70	70	2	(cm) Napliên tục (cm) Napliên tục
ddthallicon.swf	65_assets.hallIcon.oldPlayerRegressIcon.png	70	70	4	kg < cũ trở về se < cũ trở về
ddthallicon.swf	67_assets.hallIcon.fightFootballTimeIcon.png	70	70	4	“ Quyết chiến “ Quyết chiến
ddthallicon.swf	72_assets.hallIcon.oldPlayerComeBack.png	70	70	2	: N ® Trở-V. / : N ® Trở-V /
ddthallicon.swf	75_assets.hallIcon.escortEntryIcon.png	70	70	4	“` \ ⁄ C NHộ tổng? “` \ ⁄ C NHộ tổng?
ddthallicon.swf	7_assets.hallIcon.battleIcon.png	70	70	4	4 ^ l9 nh Ntrường? ⁄ 4 ^N l nh Ntrường? ⁄
ddthallicon.swf	81_asset.hallIcon.welfareCenterIcon.png	70	70	2	“7A („* Phúê Lợi: “7A „* Phúê Lợi:
ddthallicon.swf	8_assets.hallIcon.zodiacIcon.png	70	70	2	Chiêm*Tỉnh Chiêm*Tỉnh
ddthallicon.swf	92_asset.hall.bibleIcon.png	74	74	2	4 Bí Kíp Vuả Gà «⁄ Bí Kíp Vuả Gà
ddthallicon.swf	94_asset.hall.draftIcon.png	70	70	2	P ShowAthời 2 trang P ShowAthời 2 trang
ddthallicon.swf	98_assets.hallIcon.flowerGivingIcon.png	70	70	5	(.gá gà Kế ; ĐÀ ¬ e7 Hoe Gần Hoa Ounny, (.gá gà Kế ; SA ¬ Re 7 Hoe Gần Hoa Ounny,
ddtstore.swf	102_asset.ddtstore.embedTxt.png	112	57	4	Khảm nạm châu báu Khảm nạm châu báu
ddtstore.swf	10_asset.newStore.tabStore.selectedBtn.png	145	50	4	Tiệm ¡ Tiệm rèn ï Tiệm ¡ Tiệm rèn ï
ddtstore.swf	120_asset.ddtstore.ContinuousFusionBtn.png	78	24	2	Uiên/tục Uiên/tục
ddtstore.swf	121_asset.ddtstore.ComposeTitle.png	108	31	2	Hợp thành Hợp thành
ddtstore.swf	123_asset.ddtstore.ComposeTabBtnSelected.png	77	102	2	= Ề .„g + mm [số C. = Ề .„g + mm [số C.
ddtstore.swf	125_asset.ddtstore.ComposeBtn.png	108	32	2	Hợp/thành Hợp!thành
ddtstore.swf	128_asset.ddtstore.BackgroundTexture.png	352	409	7	.” L0 2. I "xa On. ạ 0ê in 0 na Jo Si Gi V®+ A224 2V ¡ > ng <2 Su u @ C2 j KV SG To O XI /ỜNG j M c RA TY x= ` Lò. 0A ĐÔ Ij (9x tá, sềx, < In x7 n7 CÔ ĐỐI .- ah
ddtstore.swf	129_asset.ddtstore.AutoSplit.png	78	24	2	Tự cát Tự cát
ddtstore.swf	12_asset.newStore.tabStore.unSelectedBtn.png	113	41	2	["Tiệmren” | ["Tiệmren” |
ddtstore.swf	130_asset.ddtstore.StrengthenAllInject.png	71	21	2	UiênTtục) UiênTtục)
ddtstore.swf	13_asset.store.evolutionLock.png	108	35	2	Mở khúa/khúa Mở khúa/khúa
ddtstore.swf	249.png	75	26	2	iTrang|bị iTrang|bị
ddtstore.swf	263.png	92	27	4	Phụikiện Phụikiện
ddtstore.swf	267.png	93	27	3	IPhulkiện IPhụlkiện
ddtstore.swf	26_asset.ddtstore.exalt.continuousText.png	138	29	4	ITăng cáp liên tục) ITăng cáp liên tục)
ddtstore.swf	271.png	92	28	2	ITranglsức ITranglsức
ddtstore.swf	291.png	93	26	2	Hợp!thành Hợp!thành
ddtstore.swf	295.png	91	26	2	Hợplthành Hợplthành
ddtstore.swf	29_asset.ddtstore.exalt.TitleText.png	181	36	6	Tăng cấp trang bị Tăng cấp trang bị
ddtstore.swf	32_asset.ddtstore.exaltRockNum.png	121	25	6	Số đá tăng (cáp Số đá tăng (cáp
ddtstore.swf	34_asset.ddtstore.exalt.exalt.png	87	34	4	Tăng/cấp Tăng/cấp
ddtstore.swf	352.png	374	227	2	đc x đu. zx
ddtstore.swf	358.png	374	227	2	ũ L L Hải ũ 1 Ĩ Hải
ddtstore.swf	364.png	374	227	3	: đt - ti tt lộ: đt - NI tt
ddtstore.swf	366.png	374	227	2	ưa Li ưa li
ddtstore.swf	36_asset.store.evolutionUnSelect.png	47	77	4	——.;c.VvÔ$YẬặỰ lý ® lẽ 9 = C - [= —.;c.VvÔ$YỰặI lý ® lẽ 9 = C - | =<
ddtstore.swf	392.png	373	379	3	ếU mm s Quả ẦÑ ñ cũ là ˆ ^ . Sè Ni cm A2 á Quà ẦÑ ñ cả là ˆ ^ . Sè N.
ddtstore.swf	47_store.fine.sealMainBg.png	375	411	10	. 92074 9. } L , 2 + 2e } L Ỉ I | l< vÁ ] | VẢ ư } L<mn ¡ ư } .. . | ( Ĩ , XVở Í : U ' ] [ j L ' l | r Ĩ ' r I 202,8 ( ộ ẵ L -¬ ¬ II HN cá ; | [ | Ĩ | [ ) . \ |
ddtstore.swf	49_asset.ddtstore.TransferTitleSmall.png	182	32	4	Di chuyển thuộc tính Di chuyển thuộc tính
ddtstore.swf	50_asset.ddtstore.TransferTitleLarge.png	208	33	4	Di chuyển thuộc tính Di chuyển thuộc tính
ddtstore.swf	56_asset.newFusion.fusionBtn.png	141	50	4	(Đũngiùyện, (Đũngiùyện,
ddtstore.swf	58_asset.newFusion.rightViewBg.png	444	407	8	xu - . NI Ạt › ng (Cu ti R xà Ễ 2 ”. ở 2 /2À ga ˆ 3 đa ổ ket tHẾ HN TC SN C5 h4 em . _——. HÔI s8 si xo ao S I H ^ 42) << 9A = no S2 : Š AT Ai ng R ò AÁ in .— § 
ddtstore.swf	59_asset.newFusion.leftBg.png	281	411	2	† ị 14 | li Ị \ Ỉ | t | i f | † ị 14 | li Ị \ Ỉ | t | † f |
ddtstore.swf	75_asset.ddtstore.StrengthenHole.png	194	25	6	lốïcường|hoarchaulbáu lốïcường|hoarchaulbáu
ddtstore.swf	76_asset.ddtstore.strengthenEquipmentTxt.png	195	31	6	Cường hóa trang bị Cường hóa trang bị
ddtstore.swf	78_asset.ddtstore.StrengthenBtn.png	125	35	4	Cường hóa Cường hóa
ddtstore.swf	7_asset.newStore.emblem.selectedBtn.png	141	51	2	In mm Gssss Phù Hiệu fF“= mm ssss Phù Hiệu
ddtstore.swf	83_asset.ddtstore.FusionSpiltTextrBg.png	82	41	8	Số lượng dunglluyện Sốilượng dunglluyện
ddtstore.swf	8_asset.newStore.emblem.unSelectedBtn.png	113	41	2	(“Phu iệu. | W5 liệu.
ddtstore.swf	92_asset.ddtstore.FusionTitle.png	211	35	6	Dung luyện vật phẩm Dung luyện vật phẩm
ddtstore.swf	96_asset.ddtstore.FusionBtn.png	107	35	2	Duùng!luyện Duùng!luyện
ddtstore.swf	9_asset.newFusion.stopBtn.png	141	50	2	| Dừng | | Dừng |
effort.swf	26_asset.Effort.bg_02.png	822	514	12	G1 ÚéY@ắầúùT?äC”"UY"ómSỊIĨĨỠ]Ĩ]ắS]y IS ]Ã[rH=—""11" tt] X211-——. | = =7, ——G——"”7W”-——”"TIƒƑ:ẦYJầYYWẪẺẫầẫầuẦHWỂẼ—Tt";‡1Iä⁄»IÐI"_"_”]——”m”—”ó ” tmmỤ-HttWW—2—1đở⁄
elitegame.swf	12_EliteGame.pauungview.BG.jpg	947	428	8	Ni / | D .— em : sm (/99 - lắp G9 s.m—ọỌ:i. —_—. NỊ eo 7 lề 2Z2.-- “sm'-.,. — ) ¡ mg (Về ø. —_. | -Í 13 mu ~ | H 4 =>. .. ` Á—Ã—Ã————””——W ó đóáóÑ—-———— —c "9Á 
elitegame.swf	13_EliteGame.scoreRank.pageBG.png	64	32	2	=ễẽ Í.)
farm.swf	103_assets.petsBag.adoptTitle.png	116	26	4	Nhận!thú/cưng Nhận!thú/cưng
farm.swf	104_assets.petsBag.adoptItem.png	57	24	2	Nhận Nhận
farm.swf	105_assets.petsBag.adopt1.png	86	25	2	Nhận nuôi Nhận nuôi
farm.swf	140.png	45	45	2	ưn si. sư _
farm.swf	146.png	45	45	2	..—— † ỉ -—--. ..—— † ỉ -—--.
farm.swf	162.png	45	45	2	Lị Lị
farm.swf	166.png	45	45	2	Ếị _ (ị _
farm.swf	194.png	103	38	2	(Sìc Dọn (Sìc Dọn
farm.swf	209.png	67	74	2	®) sxề ®) xề
farm.swf	215.png	67	74	2	- &<, vẹ N7 — @, vẹ N7
farm.swf	22_assets.farmShop.unSelectSeed.png	72	22	4	Hạt giống Hạt giống
farm.swf	233.png	100	37	2	( ` Gleo hạt ( ` Gleo hạt
farm.swf	236.png	100	37	4	( ® Tăng tốc ( ® Tăng tốc
farm.swf	239.png	100	37	4	(@ Cuốc bỏ (@ Cuốc bỏ
farm.swf	23_assets.farmShop.unSelectPetEgg.png	72	21	4	Tích điểm Tích điểm
farm.swf	245.png	102	37	2	r. Về nhà (mm Về nhà
farm.swf	248_asset.farm.petShop.png	266	236	5	q9 Nhận/thú “cưng ¿ G4 : 1 Sa ”cụ "MHBB NI, 4 SS!' -~ q9 NhậnÏthú cưng ¿ G4 : ) Sa <A: mài: 4 =>! -
farm.swf	26_assets.farmHouse.unSelectCompose.png	135	20	6	Hợp thành thức ăn Hợp thành thức ăn
farm.swf	271.png	266	236	2	>Z _sẦ° s\x <7 : - na ỐC m AI] uy S= à \r .ụ >Z _*sẦỈ Bì <7 t - na ỐC 'm AI] uy S=.à r .ụ
farm.swf	293_asset.farm.windHouse.png	247	257	2	> .”ị „ Esh) > .”ị nh)
farm.swf	29_assets.farmHouse.title.png	116	23	4	Nông trại /của tôi Nông trại (của tôi
farm.swf	313.png	674	315	5	ĐA &. x ` ỹ lÃ ti, cá, ã ; bi HH á à —. . - Kh.. 'R ĐA &. x ` ỹ l ĐK. cá, ã ; li TH á à —. . - kh. Y4
farm.swf	321.png	343	37	10	®Š%o Mở tính năng trợ giúp trồng trọt c$s ©9329 Mở tính năng trợ giúp trồng trọt c$s
farm.swf	35_asset.farm.selectViewTitle.png	118	27	6	Chọn|hạt giống Chọn|hạt giống
farm.swf	36_assets.farmShop.SelectSeed.png	74	26	2	Hạt giáng Hạt giáng
farm.swf	37_asset.farmShop.SelectPetEgg.png	76	25	4	Tích!điểm Tíchđiểm
farm.swf	38_assets.farmShop.SelectManure.png	136	24	8	Thuốc tăng trưởng Thuốc tăng trưởng
farm.swf	42_assets.farmHouse.SelectCompose.png	137	24	6	Hợp thành thức ăn Hợp thành thức ăn
farm.swf	57_asset.farm.manureselectViewTitle.png	90	26	4	Chọn thuốc Chọn thuốc
farm.swf	58_asset.farm.mainViewBg.jpg	1000	600	22	7 .. Có lo v. : u tà ST ma. “4Ô : .ề là HN . xa A22 "9 Sa sa sx Tạ Suả l tu - Cx E.vÿ 9ghhuu: “eo... va .. bá ị ụ —T7L+. . „4414 P TP = N4 ~293Aw ở và NT né, . 
farm.swf	5_assets.farmShop.petCreditTxt.png	69	24	4	Điểm tilũy: Điểm tilũy:
farm.swf	68_assets.farmShop.titleFont.png	129	26	2	Shopinôngitrại Shopinôngitrại
farm.swf	71_assets.farm.farmHelperTitle.png	78	25	2	ITrợ/ giúp; ITrợ/ giúp;
fightlib.swf	157.png	1000	600	189	—————xtt—cÒbékltk/ytỜiyÖt II In] 'm=———— l— h "—=XÁŠHáÁÝ Ñ =m l =m l[ =m Ñ —=— Ñ=— —— lh——— '"09229MlÑRESNG) Ù quueWWSNH Ù\ quyƯNG Ù quueNG Ñ quaWNG Ù quyyƯỜNG 
fightlib.swf	198.png	267	67	6	1 màn hình = 10 đơn vị 1 màn hình = 10 đơn vị
fightlib.swf	218.png	126	148	2	N Ñ M4 / đề Nã -. À - NA ⁄ Nã «su
fightlib.swf	221.png	130	148	2	m 4 ` mm ~- ZV⁄4n Øat&đâUu > 4 ` ^^ `~- “⁄Z” Za Øa&đ4U
fightlib.swf	223.png	130	148	2	N Y4 : Z~ Z Øatđ2U N VN : Z~ Z Øatđ2U
firstrecharge.swf	14.png	85	77	2	ị L ị L
firstrecharge.swf	8.png	85	77	2	ị ị
firsttainer.swf	133.png	565	109	4	¬sÐén:lƯỢt bạn-r1— ¬sÐén-lƯỢT bạnr1—
firsttainer.swf	157.png	282	171	15	iúr thanh _. mơ. _ lực đạt "7777 lbưông)ưa có thể bắn iú thanh _— . mm”. lực đạt 7” lbưông)ưa, có thể bắn
firsttainer.swf	55_asset.game.cartoon.female.png	250	312	2	~_ 4$ $ 0⁄2 ải ~_ 4$ $ 0⁄2 ải
game.swf	167_asset.game.buff101.jpg	78	78	2	>4 > q ni P Lên ,Ầ v.v I4 Số. + M Lá k ý. >4 z q NH P L.n ,Ầ v.v 2” Số. + M Lá k ý.
game.swf	192_asset.game.losingStreakIcon.png	37	37	2	đi đi
game.swf	210_asset.game.buff228.jpg	78	78	2	| «z ”... %4 | sấu Ặụ %
game.swf	211_asset.game.buff229.jpg	78	78	2	VY Sự xÙ VY Sự xÙ
game.swf	342.png	200	100	14	ÉL<. ` ^^ - —— Ễ 4< v LuÓ “Điện Nước Đào Đủ, ÉL<. ` ^^ - ——— Ễ 4< v LuÓ “Điện Nước Đào Đủ,
game.swf	345.png	200	100	2	T!NỮữ,Hoà SVuengtouoc T!NỮữ,Hoà SVuengtouoc
game.swf	364.png	200	100	3	NV Bà ⁄ 0⁄4 Nê*: + ⁄ Nầồề NHátZ7
game.swf	748.png	565	109	6	tsÐénddưrợt:bạn-r— (sÐéndượt bạn-r—
gameii.swf	162.png	128	128	2	ơ ơ
gameii.swf	229.jpg	128	128	2	Ơ Ơ
gameii.swf	231.jpg	128	128	2	Ơ Ơ
gameii.swf	347.png	184	227	2	ạ ạ
gameii.swf	361.png	184	227	2	ạ ạ
gameii.swf	390.png	85	69	2	Ơ Ơ
gameii.swf	392.png	85	69	2	Ơ Ơ
gameii.swf	44.png	128	128	2	Ơ Ơ
gameii.swf	46.png	128	128	2	Ơ Ơ
gameii.swf	48.png	128	128	2	Ơ Ơ
gameii.swf	520.png	120	100	2	lệ. lệ.
gameii.swf	538.png	200	186	4	®-z 4 7 Ạ lu .> Ã să: đh cH R #. rx di ®-z 7 Ạ lu Vi => Ã sầ: đgh x R #%. + di
gameii.swf	542.png	200	186	3	Cu la Ấy . ẵ sẽ - MA s án l) Ấy . ẵ và - MA | s
gameii.swf	544.png	200	186	2	m s .. về -. “ ¬ Ñ .Ỹ. - vi, ..cỌ mm s .. về ) “ ¬ Ñ .Ỹ. z vi, ...cỌ
gameii.swf	550.png	200	186	3	—. $ - . n ñ ì ®. ˆ _¬“ „ z * | s. . Ề , * % : gề cÁ ` ae x ®. « $. - . nu ñ ì ®. ˆ “ bạ z * s. . Ề mì, * % : wgề SÁ ` ae l
gameii.swf	552.png	200	186	2	h .n ñ Lư . m kh . : Ỹ t ”^ . . ° An vi # -#SH.”. K la. : 4 “È sZ z Ễ È- M ũ ũ h vu. ñ Lu M . Ki . : Ỹ t ”^ ' . ° ^ vui # -#SH.” Kẻ la. nu : 4 “È sZ z s 5 M ' '
gameii.swf	558.png	200	186	2	hư. 1% hư. 1%
gameii.swf	575.png	58	54	2	Ề về CC Ỡ x Ề về CC Ỡ x
gameii.swf	599.png	58	54	2	O2 LƯU O2 LƯU
gameii.swf	665.png	85	69	2	Ơ Ơ
gameii.swf	667.png	85	69	2	Ơ Ơ
gameii.swf	783.png	223	167	2	>t ị ⁄ ƒ \ >t ị ⁄ ƒ \
gemstone.swf	17_gemstone.alluse.png	81	26	2	Liên!tục Liên!tục
gemstone.swf	31_gemstone.bigBg.png	539	441	30	mem Ï”{ {mm ”—m/tẹnẹnmmmtmnm//ec6 TY < ¿ -.. é . - V 4-4, : ~ : 7 & li s iu _—" - R "7. MU ã 4 > _¬ MU . ` vế —+< - - <—. Á z Ỹ ồ uy :? gã ".AAt vế V ai.“ 7s Ắ 
gemstone.swf	33_gemstone.supplyBtnAsset.png	70	37	2	ư5(iI ư5(iI
gemstone.swf	4_gemstone.rightr.png	298	438	2	ngọn ngọn
gemstone.swf	66.png	516	512	8	..” : xạ —-. lồ „L1 . : AC HA ¬ á P 2 7> tì ` - C. | 27 VZ 533 vÝ \ I/A&2ANÀU 7 2L. C2I@py? lE | W3 Ak Quố Ôy 1 : l ¡ vớ” ——ẾÉÍm > é > ñ 2 E, r. mu Na.. mu sini
gotopage.swf	16_asset.leagueShow.rankContainer.png	193	117	5	CƯ ưa Z^A) " đà n --—Ỉƒ CD ưa Z^A) " đà n --——n
gotopage.swf	29_asset.leagueShow.awardScoreBtnAssetIII.png	88	28	3	ỮẾẤ (Wgưựư
guildmemberweek.swf	11_asset.guildmemberweek.Main.AddPointBookText.png.png	139	53	4	| Thưởng ) | Thưởng )
hall.swf	212.jpg	207	234	5	" ..” na AT — xa >> . mm. << Ủ ——. 7S$R ¬ AAv_m < n. "[R 2t .m ầ — ! ~ Ễ ) " Nà N < kế : 'R ! .F: ‹ ¬ A. ! Á : „ è- ¡ À :] Ì tu lồ.) - 1A Ẫ uc H Ỹ À U cv. —. s7
hall.swf	229.jpg	278	169	2	: M £ „5> ì LỆ s4 : "rE „4 _ „im / N jNỹ 6o Ạ . 4S M ! Z 5 LI. : Ì 4 4 72A0 4. lê d ”M m - : M £ „5> ‹ ì LỆ s4/ - "rE „4 _ ng ñ / N jNỹ 627 Ạ . 4S M ! ={ : LI :
hall.swf	233.jpg	207	210	6	_¬A ; .. ' S. Z0 Mi j “4 ^^ ` Ầ .. . < “. _. x k | ¿ r - m4 ưa Sạ É2 Sà . l1 ở - - 7 . 2 ai » | gỉ ø Í ' › |Wm=, \ _¬A ; .. ' S. Z0 Mi j "Ạ ^^ - h . < “. " _ kg
hall.swf	237.jpg	213	208	7	: . -⁄4 cù À 62 | _ ï . x% .. ¡ 29455 - AC Ñ \ ZZ 4 vỊŸ AC 8 "Đá ì 4. vệ NI my 0 : kế. gu đu 2 ; LẠ và Da ỔM 4 - _.. : . -⁄4 v3 À | _ ï .x) .. ¡ ZZ294%5 - AC Ñ 
hall.swf	241.jpg	214	196	7	ỦỤÙố A7 % LK và %g \ và sx > , . n xe „À xvó sĩ ù $ nh ` vi >. : AXx kÝLẦ L ÿC s. si „ Em. ¬ kiến ¬n CA .t 7k sài ịỤ .a an se v~ và %g \ vÀ vx > , sề n xà VÀ x6
hall.swf	305.png	80	80	2	ưouệ A ì cT% ì
hall.swf	331.png	80	80	2	¬. .rạ ¬. .rạ
hall_old.swf	104.jpg	1000	600	54	_À ._v b . .¬. lÀV Z 2 / 5 ; P S23, <S "SN tw« A xa ứ Nhu 1 . , 7” “ẻ 2>” c.S 2) (ns " “9 l -tugá SN : «<2 em... đÃ CN 7 Là “6 9U NV NA k6 dạng kưên .. Ờ 029) a
hall_old.swf	108.jpg	251	249	3	(1L .À lu ì “ kW - SA VÀ , Ạ. U ì > “ft Z Ji V1 z 5 ⁄| An li H 'h?Z SA. SA. P ai NA G4 “z" sa Liên VI lệ C z& -ˆ.. VU Lá : tà (IIN Ñ k2 MỰ “ kW P | Ạ. U Ì, > “f
hall_old.swf	11.png	74	74	2	7⁄4 M4 2% Nông Trại ^ M4 2% Nông Trại
hall_old.swf	295.jpg	291	270	14	#“xa>=. “đ‡ \ Lư ca - : & sợ ặ 1 DI : 4x sử ¬ S = 364 -_. - ¿ >5 St NA . đ —.I : An ` | Ế. ni à .à ẤN v43 Mĩ s @s \ - x Vi => m * ệ an ˆ ` LAÀN. .V Ị #“xa>=. "đ
hall_old.swf	304.jpg	207	234	5	" ..” na AT — xa >> . mm. << Ủ ——. 7S$R ¬ AAv_m < n. "[R 2t .m ầ — ! ~ Ễ ) " Nà N < kế : 'R ! .F: ‹ ¬ A. ! Á : „ è- ¡ À :] Ì tu lồ.) - 1A Ẫ uc H Ỹ À U cv. —. s7
hall_old.swf	312.jpg	179	223	11	SA ¡ An ề*, - . SÃ ï lề - ¡4 Gà. n gưềN ‹ 5 ni hp : 2 vẻ 4227. Ã vi )⁄ Ñ& ` “XU _~ ` ”. 2299”. , ¬Ị Cư U Ne—- ỷ SA ¡ An x CÔ ”⁄“+ «<< N ï 2 - ¡4 4 ‹ 5 nạ hi : z
hall_old.swf	321.jpg	278	169	2	: M £ „5> ì LỆ s4 : "rE „4 _ „im / N jNỹ 6o Ạ . 4S M ! Z 5 LI. : Ì 4 4 72A0 4. lê d ”M m - : M £ „5> ‹ ì LỆ s4/ - "rE „4 _ ng ñ / N jNỹ 627 Ạ . 4S M ! ={ : LI :
hall_old.swf	325.jpg	207	210	6	_¬A ; .. ' S. Z0 Mi j “4 ^^ ` Ầ .. . < “. _. x k | ¿ r - m4 ưa Sạ É2 Sà . l1 ở - - 7 . 2 ai » | gỉ ø Í ' › |Wm=, \ _¬A ; .. ' S. Z0 Mi j "Ạ ^^ - h . < “. " _ kg
hall_old.swf	329.jpg	213	208	7	: . -⁄4 cù À 62 | _ ï . x% .. ¡ 29455 - AC Ñ \ ZZ 4 vỊŸ AC 8 "Đá ì 4. vệ NI my 0 : kế. gu đu 2 ; LẠ và Da ỔM 4 - _.. : . -⁄4 v3 À | _ ï .x) .. ¡ ZZ294%5 - AC Ñ 
hall_old.swf	333.jpg	214	196	7	ỦỤÙố A7 % LK và %g \ và sx > , . n xe „À xvó sĩ ù $ nh ` vi >. : AXx kÝLẦ L ÿC s. si „ Em. ¬ kiến ¬n CA .t 7k sài ịỤ .a an se v~ và %g \ vÀ vx > , sề n xà VÀ x6
hall_old.swf	4_asset.hallSaveFile.noviceBG.png	588	339	59	ĐềJbạn/chơi/gamefđược thuậntiệnvGunny/yêufcàu banImở/chức/năngllưuVcủaYAdobeirlashiPlaÿer: tu Adobe Flash Player Sefting Không cần tải lại Løcal Storage Giảmïch
hall_old.swf	73.png	75	75	6	3⁄2 È Ì si j ẹ Sự kiện 3⁄2 È \ si j ẹ Sự kiện
hall_old.swf	84.png	70	70	4	: ->> $xP Mời bạn : 5È. $x® Mời bạn
hall_old.swf	9_asset.hall.farmIcon.png	74	74	2	or S5 Nông Trại 2x S5 Nông Trại
hotspringroom.swf	115.png	125	185	2	xà 16% vá *ụx xà 16% vá *ụx
hotspringroom.swf	117.png	125	185	2	ii hệ so 204Ệ ii hệ .....
hotspringroom.swf	131.png	125	185	2	_. và củi up "¬NỀ và củi sub
hotspringroom.swf	133.png	125	185	3	¬N lu Ễ vị, 4 8À ếG. Na Ễ vị, 4 0N G.
hotspringroom.swf	139.png	125	185	2	¬Nề 1442 7 ¬Nề 1642 7
hotspringroom.swf	155.png	170	242	2	đu: xš&> . 1 đem xše> . 1
hotspringroom.swf	157.png	170	242	6	^ZA . ¬ .. : ì vÃ Ñ 4 _ „+ xã ước. ặ ^ZA . "à Ã ` ì và Ñ R4 _ „% xã ước. ặ
hotspringroom.swf	161.png	170	242	3	—_ K. đ Ñ ái . ũ .—_ Kế đ Ñ ái . ũ
hotspringroom.swf	171.png	170	242	2	ắ ắ
hotspringroom.swf	173.png	170	242	3	` . với r đ ~ ] " È ` . với . . .~_= ] ." :
hotspringroom.swf	181.png	170	242	2	ả ả
hotspringroom.swf	191.png	170	242	2	ẳ ẳ
hotspringroom.swf	224.png	148	147	4	. Ÿx.Ã.. Si Kê. ;AẦ ` 5. P | sa, ) <. -s An Ế: + cu K ất: x. ị x „ -%x , "Zx* - . , a - ._ . Ÿx.Ã.. SA NI Kê. B `. 5. Vi sa ) -. -s An Ế: + cu KE ất: x. ị x „ ,
hotspringroom.swf	227.png	148	145	5	`. 4 ¿ .. ï . ọ mì là - ~” vì ẻ ¬ - 4. ⁄ . : 4 Z mm. ở S „ + - . mm. Su M ^ `» V ._- } ^.. `. ¿ .. ï . é mì là - ~” . ẻ vs Ì - 4. đi . - 4 Z m.. . S 5 „ + - . m
hotspringroom.swf	234.png	45	72	2	^“t= ặt I ặt
hotspringroom.swf	285.png	87	159	4	xế lui N ®» - . 4x NA s & “SH > ~ s+4uY hi ng - 2 ản ` . "xì œ > ` z. ` -.._. - 4 về lui N ®» - . .. NA võ & ae > ~ s4uY hi ng - 2 ản ` .- „ @ > ` Di ` -.._. - 
hotspringroom.swf	286.png	137	144	4	c 5 +4 . .X S1 cờ -SƠ : ' ( A 4# s ` AC Á ¬ .à L MÍ _. 4 ũ - . nà c ) +4 . .X S1 cờ -SƠ : ' ( À 4# . ` AC Á ¬ .à L MÍ _. 4 ũ - . nà XU u
hotspringroom.swf	287.png	431	168	11	„ vế : ~ 4. - - . ở g Ni .. . cv | . « ø : vi . s a 53x." "7 Si 2, 54 . * tỢ: ¬h 4 2_ “in. . cà 2s kh Vv.‹ ki. .~- ^. nu, ˆ Lo ^ > ., 2 - c L7 . ' v ¬ b4 , ...E
hotspringroom.swf	288.png	806	429	10	Á/ 4024 LAN G SO ì 2 ở So 222002 ` Z.ˆ » x.. 1 vu HN “im Go, 2x 922 29 N NH9, SG. ._. x4 TH SANG in, Ì, - .. ^Yv. 22 ề ". li _. ® hn N C4 N Ế — xx Z4 gp Ẽ ¿ si 
hotspringroom.swf	304.png	253	147	4	Y đá SG . I "tt > x. sỹ 2 "vn, Lt x% v¬ . lề Ñ A : - x;s. - z <3 Ặ 010v. à Ứ 4 - ý Ea: ki ˆ 32t . Ù L4 — X u Y 3Ã Sàè . I "^. > x. sỹ 2 "vn, St x% v %. 3%, Ñ A 
hotspringroom.swf	305.png	423	434	7	Á 24 ⁄® — : vẽ 2 v2 996 S”< $ 29/292 29922 ` CC ‹ S _~^. g” ai 922% 2 24 Sa x2 XI „~ S92 — Z2 “ : $ y sọ “ KẾ Z2 TS nnm, Ki EG N —— Zz> k1 . —— J sốc => Ƒ ? 2. 
hotspringroom.swf	35_asset.hotSpring.menu.open.png	25	40	2	sỹ C sỹ (3
hotspringroom.swf	69.png	413	168	3	- wz .. % ; ĐC 6... . ~ CA HN, " u ~ ” - s Ñ ? ~".. vê __ Ầ > ;iM r5 Ñ À ÉT NI ;.. x 5 NA P b xé. v.v P vn ~ c2 TK Y II -. Lại ›” - s - ^ˆ .. A & - -. "4 ” - . 
hotspringroom.swf	70.png	827	429	29	/. ø s..n ZòÌ. ợ 3 4. ( Ấ v .j D2 ⁄/ 2072 » › ý 29 / 2 - 5A .x* xe : - 5 ^^ 4 á ^ HN E9 c . .. vị II ⁄ LỘ XS S: -.kử. ii ỐN BI ... SỐ „ ;- t L 4. _— x ”n ì : 4 
hotspringroom.swf	71.png	130	242	2	^x II Y.n. ” tì “ I cứ *@*# .. „< 7>. 7 N : . - .. ˆ ;) = - GA, cà '#* bỞi ¬ v⁄ ^x In. ” tì “ cứ +6“ .. „< . 3a. 7 N : . 4 <. ˆ 1) sš = Z GA, th b ¬ v⁄
hotspringroom.swf	74.png	423	434	6	¡ “h& ị Nx “ ;M ẢNH ZZ4ã am 4 “f “ | - Mối : | | ý 1] zZz> { s , l_ á g5 . á 4 „“ ¡ h& ị Nx “ ;M ẢN Z4 0a 4 “f “ | - Cố : | | ý 1] : zZz> { sẽ , l_ ế g5 . á 4 „
hotspringroom.swf	76.png	253	147	8	“ L4 In Ắ ,». A NR . : Ạ v.Cế sẻ = a ˆ - : 2.4 <-. Si -" í bac 4 # Ỳ Bị hồ I vế Lê „ “ L4 In Ắ ,». A : Ạ v.C Ú = a ˆ z : .. < Sẽ - í uc 4 # Ỳ Bị hò. Em vế Lá „
hotspringroom.swf	90.png	210	102	2	ii “Xử xi 1 S— b { 4 “Xử xXZ KH s— r { :à
hotspringroomlist.swf	7_asset.HotSpringMainView.lastPagBtnAsset.png	46	22	2	EPPlẽ EPPlẽ
im.swf	14_asset.IM.onlineIconAsset.png	20	20	2	ẹ ẹ
labyrinth.swf	23_ddt.labyrinth.leftBG.png	403	415	3	, —..—ẽĩ...... ... ỄIL] 4, # ~ N 4 SN s.N.. . "7; Xu . . P . Ñ 4 ⁄ —¬ t 4j ” sSm N.Ạ và NN 1 4 Ƒ ` X mZ _ . uy „zaOÀ MÔ > | I. ,.v .” Ấ<XØ , —..—ẽĩ...... ... ỄI
labyrinth.swf	31.png	373	379	3	ếU mm s Quả ẦÑ ñ cũ là ˆ ^ . Sè Ni cm A2 á Quà ẦÑ ñ cả là ˆ ^ . Sè N.
labyrinth.swf	5_asset.game.tryagain.text.png	194	31	3	ùöððyö Ð ĂJÃDJO c AAAAAL L r 0ạw-~U„U⁄ZAẺe ự r
latentenergy.swf	3_asset.latentEnergyFrame.bg.png	348	312	9	— —: | mm -= Thuộc !tính'góc mm Thuộc tính mới Maymắn lÍ, | usssssses Ì ấp —: mm tẾ Thuộc tính'góc mm Thuộc tính mới Maymắn |, 1sseeesssee Ì
league.swf	5_asset.leagueShopFrame.bg.png	483	476	86	0 QUY/tácGiao/Đáu Em 1. Gunner tham gia tối thiếu Lv20 , thời gian 20:00-22:00 mỗi ngày. 2. Thời gian mỡ 2V2 tự do hoặc Guild chiến nhận Lệnh Bài chiến đấu mặc 
littlegame.swf	15_asset.littleGame.awardListBgI.png	141	122	3	S S lo s4 ệ ạ : s S 4 lo s4 ệ Ễ : š
littlegame.swf	1_asset.littleGame.leftTitle.png	268	34	2	® „4 4 tÿ : ø : œP>”. Z ma, 5 đ ZASÀ } — ⁄~< \ 1% ® „4 4 t5 : Dim : œP>”. „ N&Y 5 đ HA. } — ⁄~< \ CC
littlegame.swf	6_asset.littleGame.ScoreBack.png	275	65	6	=2 A 2=. HP VN ù | Điểm 5” 5i.” .ị ~ A =. HS VN ù | Điểm 5” Si.” .ị
littlegame.swf	8_asset.littleGame.rightTitle.png	341	58	6	5Ñ :Đôi/phànHthưởngÑc 5Ñ :Đôi/phànHthưởngÑc
luckstar.swf	11_luckyStar.view.AwardBtnBG.png	94	30	2	Phạng Phạng
luckstar.swf	20_luckyStar.view.RankBG.png	389	338	8	Xếp hạng +. của lôi Sau May Mắn dùng xếp hạng +. của l0i Sau May Mắn dùng
luckstaraction.swf	19.png	822	391	7	On „ “ 24(ONAV 3) J II 924 Tề Z4 . Nối n2 NI 0D S5 lộ no Ấn ho SA n0 0 0V n4 On „ “ 24(ONAV 3) J RA 922 Tề >4 . Nối e2 NA DĐ lộ no ho SA ôn 0 0 0V ng
luckstaraction.swf	31.png	336	55	10	Banđã nhận được? XU Banđã nhậnđược XU
newchickenbox.swf	21_asset.newChickenBox.BG.png	880	496	18	2xx xa ] ~— P. ` = Z ỹ j \ N ề : T. % ý - Ồ Mi r . Ệ L iu " | Ù vn : Ww`ì vZ X .„ x4 ¿29v 4 %s 24 + k1 w Em ^ 4 _"đA N ⁄Z -ˆ 7 li ~> = TC: =>z«‹e 5 2C >> về „5 
newchickenbox.swf	32.png	316	147	58	Sau đó,Gunner có thẻ dùng xuyên thầu đẻ nhìn thầu báu vật khi lật bài.Khi không còn cơ hội lật bài thì hệ thống sẽ tự chuyển đến vòng tiếp theo: Gunner thoát kh
newchickenbox.swf	33.png	368	371	188	1: Bắt đầu: Đầu tiên bạn sẽ thầy phần thưởng cho làn lật bài này,nều đồng ý hãy nhắn nút bắt đầu: 1 lằn nhắn nút bạn có 5 cơ hội lật bài: Lưu ý : Mỗi làn lật bà
newchickenbox.swf	34.png	342	363	24	Lật bài trong rương gà có thẻ nhận được: (% 2 Ñ SA s ÿ LUø lLU IS e5 Le lu I2, Và còn|nhiều vật phẩm|na/chú ý thông; báo nhé! Lật bài trong rương gà có thẻ nhận
newchickenbox.swf	3_asset.newChickenBox.eagleEyeBtnFree.png	95	88	2	«i IMIPPTðXthầu) ~< IMIPPTðXthầu)
newchickenbox.swf	79.png	95	95	2	Lạ Lạ
newchickenbox.swf	87.png	95	95	2	ệ ệ
newchickenbox.swf	89.png	95	95	2	ệ? ệ?
newchickenbox.swf	8_asset.newChickenBox.openCardBtn.png	57	80	3	đó ` 2606/03 gì - 54 .s vụ Ễ ( í mm 1ö4tibài] ó ` 2606/03 gì - 54 . vụ Ễ ù _~.I.—. 1ö4tibai]
newchickenbox.swf	91.png	95	95	2	ệ? ệ?
newchickenbox1.swf	21_asset.newChickenBox.BG.png	880	496	11	“Tơ - ' TH k “0P Vũ —-— —š IS NĐ—— X6 a7 N- I4 { ..⁄⁄ ø#Ssí /AÀ\ R® VÀ ¬ le, Á là | - sả . xe lề ch >Ã xuậi 5 À || - + N ⁄ZZ N 3 gunny:zingfvn Nu “Đo G . ' TH x
newchickenbox1.swf	32.png	316	147	58	Sau đó,Gunner có thẻ dùng xuyên thầu đẻ nhìn thầu báu vật khi lật bài.Khi không còn cơ hội lật bài thì hệ thống sẽ tự chuyển đến vòng tiếp theo: Gunner thoát kh
newchickenbox1.swf	33.png	368	371	188	1: Bắt đầu: Đầu tiên bạn sẽ thầy phần thưởng cho làn lật bài này,nều đồng ý hãy nhắn nút bắt đầu: 1 lằn nhắn nút bạn có 5 cơ hội lật bài: Lưu ý : Mỗi làn lật bà
newchickenbox1.swf	34.png	342	363	24	Lật bài trong rương gà có thẻ nhận được: (% 2 Ñ SA s ÿ LUø lLU IS e5 Le lu I2, Và còn|nhiều vật phẩm|na/chú ý thông; báo nhé! Lật bài trong rương gà có thẻ nhận
newchickenbox1.swf	3_asset.newChickenBox.eagleEyeBtnFree.png	95	88	4	<< Sợ ĐỊI ~—< ni Sợ ĐỊI
newchickenbox1.swf	79.png	95	95	2	Lạ Lạ
newchickenbox1.swf	87.png	95	95	2	ệ ệ
newchickenbox1.swf	89.png	95	95	2	ệ? ệ?
newchickenbox1.swf	91.png	95	95	2	ệ? ệ?
noviceactivity.swf	14_asset.novice.leftview.bg.png	276	458	2	ữ ` AẢ ữ ` AẢ
noviceactivity.swf	16.png	75	75	2	224W), Lì SG n [Quà Mở, AC 224W}, L n [Quà Mở, Server,
noviceactivity.swf	1_asset.novice.leftview.itembg.selected.png	203	43	3	ÚC 3ỡ7YGIIIIIIIUGI.G ` F . ÚC 3ỡơ/0eIIIIIIIIUIC ` _ .
oldTrainer.swf	1_asset.trainer.Welcome.Background.png	485	290	13	z Gñshtôngn li Chàoïmừng/đểnAVữơng(@uốc(@únnÿ! NhámiphirleisEgešmöitoàn ¬ đà manvhinh! `5 S2 <4 z- Gñshtngn li ©hàoïmừng/đênAVƯơng(Quốc(@ùnnÿ! NhámiphirleisEGeš
oldTrainer.swf	3_asset.trainer.guide.newHand.png	134	24	6	Huần luyện tân thủ Huần luyện tân thủ
oldTrainer.swf	7_asset.trainer.question.answer.png	291	48	2	IERy đông G9 @Ê @sm @Ep €n IEy đ0ng G9 @Ê @nem @Ep €n
petsbag.swf	126.png	224	147	2	* „0. li .. .. .. lề * „0. li .. .. .. lề
petsbag.swf	140.png	224	147	6	con ga - : ĐI M .- uy đun ớt ~ g4 = : ĐI M .- uy đen ớt
petsbag.swf	142.png	224	147	3	s “ c n «7 .: : ầ 3% xé | s “ c n S_ƠÃ› è: ì ầ 3% xé
petsbag.swf	153.png	577	573	7	\ | IIM?/ A | I7 ẤN CAN tà 2⁄2 /Z% No Zz nợ: —= Z#% Z XG 27%, ii in N Z Z2 / th ự NN `N 7/27 N Lử sY Ă / ; \ \ | li A | I7 ẤN CA N\ th 2⁄2 Z N—" Zz gnn, — Z Am 
petsbag.swf	169.png	577	573	3	$ ( ⁄ ". à ( — ;”o » . ^ˆ . ¬ Z /_ _. —— ”. = Z1 5 đa 1i - về ⁄ ` ˆ : / UỮ A1Ý Me LẠ $ ( ⁄ " . . ;”o » . ^ˆ . b¬ Z /_ _. ——— ”. - ~ . s < in - về ⁄ ` ˆ : / UỮ A
petsbag.swf	177.png	125	169	2	ụ ụ
petsbag.swf	191.png	125	169	2	5 LẼ «ải .v. , ¬ ¬ 5 LỄ «ải .v. , ¬ ¬
petsbag.swf	203.png	125	169	3	es‹ xé. " sả R e<‹ yế. ” sả R
petsbag.swf	205.png	125	169	6	sỹ ”. vớ. ` vế N sỹ ”. vớ. ` vế N
petsbag.swf	255.png	374	227	2	đc x đu. zx
petsbag.swf	261.png	374	227	2	ũ L L Hải ũ 1 Ĩ Hải
petsbag.swf	267.png	374	227	3	: đt - ti tt lộ: đt - NI tt
petsbag.swf	269.png	374	227	2	ưa Li ưa li
petsbag.swf	327.png	67	64	2	í | ồ ; í ñ ồ ;
petsbag.swf	354.png	374	227	2	đc x đu. zx
petsbag.swf	358.png	374	227	2	ũ L L Hải ũ 1 Ĩ Hải
petsbag.swf	362.png	374	227	3	: đt - ti tt lộ: đt - NI tt
petsbag.swf	389.png	547	257	2	hệ ` H hệ ` H
petsbag.swf	391.png	547	257	2	+ ải + + ải +
petsbag.swf	399.png	547	257	2	lpạN ‡ + F lpạN ‡ + lan
petsbag.swf	411.png	547	257	2	Bau, HN +ứi, Bau, HN +ứỔi,
petsbag.swf	54_assets.petsBag.prop6.jpg	78	78	2	⁄2w q H Mà ° =7 mà * ^ v . . uM - k4 đ ⁄2w q . M ° =7 mà * ^ tí . . uM - k4 đ
petsbag.swf	63_assets.petsBag.prop19.jpg	78	78	2	SA TỰ NGÃ ở SA TỰ N ở
quest.swf	153.png	442	103	4	⁄ TP TT TT NO TT Ôn HA 122/4A HN CT7 ⁄A HA (2 CN 3a VI HN HN G 4X 2E Š K á SI v7 xu ộ ⁄ TP TT NO TT Ôn tt 122/4A DO HN C107 AC 3a VI nh HN HN 4X "2E Š Khả ĐI Z7
roadcomponent.swf	3_core.RadioButton.Red.CheckBtnUnSelect.png	17	17	2	lại lại
room.swf	176.png	130	148	4	` — ~- ñ Øatđều ` — `~- ñ ØDatđều
room.swf	63_asset.ddtroom.dungeonChoose.boss.png	143	36	4	Vào ải cuối Vào ải cuối
roomlist.swf	21_asset.DungeonList.boss.png	138	62	2	(Đánh|BosslÉ (Đánh|BossÉ
roomlist.swf	73_asset.DungeonList.dungeon.png	138	63	4	lẽ ˆ z~q : HA = : ; : ,.>. Phó bản. m) So? /z j mm / lẽ ˆ zq : HA = : ; : ,.>. Phó bản. '”V j mm /
roulette.swf	3_roulette.endDayBgTitle.png	101	21	2	Thời gian còn: Thời gian còn:
store.swf	241.png	387	400	14	P1 CƠ 1 G5 [cường|hoá/+12(được' nh - —.. ấp E0 1n ln môn In Lm CƠ 1 G5 |[cường|hoá/+12/được' nh - —.. ấp nà 0 l .. In
store.swf	2_asset.store.unFineBringUpBtn.png	72	86	2	(.ấ Ễ B (.ấ Ễ B
storefinebringup.swf	32.png	352	410	3	_ . im gỗ Ea, ¡ Ạ h. lại | l | ] ! ” và . .À - : ` a , TA _ Am ~ pỗ Ea, ¡ _ h xu Ï l | ] ! ” SỐ li ,À - ˆ » a , _—
storefinebringup.swf	34.png	352	410	13	quan —. ! ẹ 2) : nu | 22 TT @ DA CN 200) hài #z2kw Ến VN 004 “Ki na SÀ P. gi Ye sa: DA X2. > Vi lệ, 3 c= La N HÌ 3N An NO ng) ghế, gio H4 in, A44 về ở: VÀ | kh 
texpsystem.swf	25.png	464	315	201	Hệ thông tui luyện có thê tăng cường /sức mạnh!điểm thuộc tính trongllúc!tu/luyện/càn/chú(ý: Điểm kinh/nghiệm tu luyện có thế thông qua sử dụng nước tu luyện ho
toffilist.swf	18_asset.Toffilist.upDownTextBgImgAsset.png	64	32	2	=ễẽ Í.)
toffilist.swf	19_asset.Toffilist.ToffilistBGAsset.jpg	488	406	10	.— hư n =— ] ¿ : ⁄ Lễ : ,ð' e.ð' ;Si ã :@ ° ê: IY :ậ:5. 94 . 4v s ê : . 2 ta đền “HH : WỆ : "2 ° | - ạ IÁ„~—~~"..",, | .— hư n 8N ¿ : : š : ¿8 e .ð' ;Sã :@ ° ê:
toffilist.swf	30_asset.Toffilist.PlayerRankRd.png	50	29	2	rơ rơ
toffilist.swf	41_asset.Toffilist.PlayerRankNd.png	50	29	2	nơ nơ
toffilist.swf	60_asset.Toffilist.textImgBgAssetOne.png	469	33	3	Ị/đ. ỡLø5/Vb/ề nm II
toffilist.swf	70_asset.Toffilist.GridBgAsset2.png	468	69	2	-. ”I. / IWEZEXZ-=-AaÐb -. TI./ LỔ..“Ứœøớó.ố....
toffilist.swf	71_asset.Toffilist.GridBgAsset1.png	468	69	2	- . IYEZZS -- ii YYWEIEEOW-ZzZƯƯ
totem.swf	18_asset.totem.honorUpIcon.btn.png	82	81	2	Z4 >> 4t PL. (Z v" 1 Vinh dự ƒ (58-892 Zz >> 4t PL. (PP v"” _; 1 Vinh dự ƒ (1558882
totem.swf	2_asset.totem.rightView.bg.png	277	459	4	ổ « Z “2A + ÀÂx Ni nể nnW———5Š[]Ÿ<. ổ « Z “MA + iu ÀÂx Nhi nể nnW——5”"XC
totem.swf	32_asset.totem.honorUpFrame.mainBg.png	335	279	3	I .. : M Ñ . nà . - . “ vế m „ Mi Z sa ° ." Z=@(@4⁄# #i= S;: BI 2Ó) X q2) (g5 ` G7 ⁄ 2` I .. Ề M Ñ . hư. . - . ^ vế ;M „ M #.sa ° .. Z=(@.4⁄Z# ##i= S;: BI 2Ó) X
totem.swf	37_asset.totem.leftView.windowBg3.png	538	380	5	4 Ầ 42 Z—S đ | 222SSX : ⁄” . : , ˆ > - .Ầ ` : ũ | Ắ | sS „. 3w ,.i CÁ ng n1 mm. mm "4 >9 ; m ấn 1 rạn P mm. "NA 4 Ð : 42 Z—S đ | 222SSX : ⁄” L s , : > k LÀ Ñ : 
totem.swf	39_asset.totem.leftView.windowBg2.png	538	380	5	Ễ b ⁄ZzZZSN= ý(, ử vs h -. Ầ / Nà .. mm NẠI 2U 4 \ z Nợ dỄ Ầ ⁄ZzZZSN= ý(, | ử vờ L -. Ầ / K. .. mm là NG .i . \ . nạ” nh.
totem.swf	41_asset.totem.leftView.windowBg1.png	538	380	10	ắ ` ï Là H ` nu NI, 4 ì , tế —;Ÿ"—. 4u —— " ˆ ^~/ Ầ >xX. N ve vê ẽ : ZÁ uá 4 .. ~ 4Q . Ì ¡ ' vn mm 4 è u - Nên hi 5 xsh& ›e, a Xe : .z. "KHấ Ỹ _ Ai liều ~I RA b
totem.swf	42_asset.totem.totemPointBg1.png	93	84	2	-®- Về luan -®- Về La
totem.swf	43_asset.totem.chapterIcon5.png	80	80	2	@?41 DA ⁄„~ : .. kdả | @?41 DA ⁄„~ : .. kdả |
totem.swf	89.png	101	106	2	ở ở
trainer.swf	114.png	142	159	4	W= ỉ ạ "Ca ` (12 : xuôc. xu : (J6, => A0 W= ỉ ạ - "Ca Ạ (12 : px, : (J6, => co
trainer.swf	122.png	199	119	7	Ầ 7< Sẽ A | đA.. BẠN _ Š ^ xe <~^.II xe u75 đu Ầ 7<; SỐ A | đA.. Aề _ Š ^ == ⁄4MM xe o5 đố
trainer.swf	56.png	70	52	2	về về
trainer.swf	99.png	191	238	5	l 4 IS Ằ ⁄ 4 (0 SN 2 ‹ < . > JAAViên© hình \ i xxx» L h vs II 0: ố¡ b. ị x>, 224 ^^. ø lu. TT , “Z`$ =4 .” . li kà ki L0 A - 7A LR < (du : PL '5Sxs l 4 .._. Ằ ⁄
trainer1.swf	51.png	150	37	10	ột đẻ chuẹ€ Cầu w BA ột đề in chuẹ€ Cầu w BA
trainerui.swf	114.png	538	44	2	. 8iilsg gjnstsomo gan đpgtônee, pucfsousn lotgsnftonso, . 8iilsg gjnstsomo gan đgtônee, pacsousn loGgsnftonslo,
trainerui.swf	120.png	354	44	2	_ §Đspsffio uave,dblossfofstgl _ §Đspsffio uaye,dblossfofstg -
trainerui.swf	26.png	341	44	10	. Giai: "ĐÉt đ u? Gð bệ đề gom. . Giai: "ĐÉt đ u? Gð bệ đầu gom.
trainerui.swf	29.png	280	44	2	_ Øho4vệt phêm ong log) _ Øho4vệt phêm ong log)
trainerui.swf	32.png	509	44	6	. Khi sênhh gối tdvông biết tên g? (hi ghels vòo GP nhớ . Khi sênhh gối tdvông bit tên g? (hi gheis vòo đ nhớ
trainerui.swf	38.png	460	44	2	Phòng em @9 m®(Gllei vêo @Ay Gỗ vào m gi. Phòng em @9 m®Gilei vêo GA Gỗ vào m 6l.
trainerui.swf	41.png	321	44	2	Giai: sôo nhện? GÕ 0go phông | . Giai: sôo nhện GÕ 0g9 phông |
trainerui.swf	44.png	513	44	12	Ghạn 9 tổm biểt tợ) cileis G9 lọt oêi nhện ghÒn tông, Ghạn 9 tổm biểt tợ) gileis G9 lọt bê) nhện ghÒn tông,
trainerui.swf	47.png	430	44	4	. Gel: trêi giuột Gõ mang [tern vê trện 6â . Gel: trêi giuyột Gõ mang [tern vê trện 6â
trainerui.swf	50.png	466	44	8	. Âì iEn chlth đ@ môfOlleie vào đ@y đồ vêo nêø). . Â0 iEn ehlth đ@ môfOlleie vòo đ@y đồ vêo nêø).
trainerui.swf	53.png	563	44	11	@llgi tới diệt vôo đô gông hióo đỡ ghho vêo @ ging legi @llgi tới diệt vôo đô gưông hóa đỡ ghho vêo @ ong legi
trainerui.swf	68.png	405	44	3	. @ufl0 6ð mô(Ø(lol vo đPJy GỒ vêo m9) . @ufll0 6ð mô(ØIliol vo đĐJy GỒ vê ng) -
trainerui.swf	71.png	495	44	12	. Đuôi tớ nông đ@ mô/lleis vào đ@y đồ vôo nêø). . Đuôi tớ nông đ@ mô/lieis vào đ@y đồ vôo nêø).
trainerui.swf	77.png	476	44	8	. ®ên luyện tệp đB môØllig vo đPJy GÖ vêo nô). . ®ên luyện tệp đB môØllil vo đPJy GỒ vôo nô).
trainerui.swf	80.png	485	44	6	. MhÊp gihọn đồ vêo tu GỠ yên øiaeng, (8 k0. . MhÖp ghhgm đồ vêo tu GØi huên Eiaeng, lồ k0.
trainerui.swf	95.png	512	44	22	Øll: “Đi đồ? đồ (hen gia những trọn đâu hiếp đốn Øll: "Đi đầu? đỒ (hen gia những trọn đều hiếp đốn
trainerui.swf	98.png	465	44	10	. Phông øu đồ đ8 môØ(lEl vào đPgy đÖ vêo nðol. . Phông ø đồ đ8 môO(lEl vào đPJy đÖ ôn nho).
weekly.swf	19_asset.weekly.MenuBg.jpg	213	226	10	Đụ s 7: | Ha | x xp HN | : lx_W | lZ.à ì là vu : n .{ hz cư s | 2320400 9h | hon V7 |7. | ——n. [#5 vết? Lg di I" | vn z* cm - x 0N | 25 ni c AC ái, Ms. 2 * NO 2
weekly.swf	21_asset.weekly.DailyBtn.png	99	38	2	#Nhận!m (c3) 3 #5Nhận!m (c3 3
weekly.swf	25_asset.weekly.DailyGoodInfo.png	156	57	2	|EXP TT9#ØIØØ | *8D phúi |EYĐ TĂ92EØP | *8D phúi
wonderfulactivity.swf	100_wonderfulactivity.strength15.png	79	45	6	(V¬ hi M — sale, U02 ở đề vx: Mi — Saloe: U02 ở đề
wonderfulactivity.swf	101_wonderfulactivity.strength14.png	82	45	2	S14 ° RÝ xcaom:) in. 214 ° RếÝ com) đ n.
wonderfulactivity.swf	102_wonderfulactivity.strength13.png	82	45	2	2124 1 cvaeXGT À3 J cự NGHI L 2124 1 cvaeGTA À 3Ý 4 cự NGHI AI L
wonderfulactivity.swf	104_wonderfulactivity.strength11.png	91	40	2	>J 1¬ GP nu HN giết >]J 1= Gấu HN in
wonderfulactivity.swf	111_wonderful.limitActivity.LeftUnitSelectedBg.png	225	50	2	gưSà? N-ESESC gưSÀ? >>
wonderfulactivity.swf	114_asset.wonderful.ActivityState.GetButtonBg.png	142	33	6	Nhận thưởng Nhận thưởng
wonderfulactivity.swf	115_asset.wonderful.ActivityState.ContentIcon.png	30	39	2	ầ ầ
wonderfulactivity.swf	11_wonderfulactivity.luck.backgroud.jpg	495	479	24	Đá may mắn đồi vũikhi xịn. ˆ Thiên sứ ban phúc tăng quà kh Ng/ Chiến Thàn mon A2 Ể (0⁄2 -— Í Z s_ “N ra 4 4 7ã “Y = Xi ẠN ` Ế : ự f \ . >7 x \ S 4{ SỐ ® ; % ` S
wonderfulactivity.swf	132.png	98	29	2	GiờEYent GiờEYent
wonderfulactivity.swf	135.png	98	29	2	(GiờEVenh (GiờEVenh
wonderfulactivity.swf	138.png	98	28	4	HấpJDẫn HấpJDẫn
wonderfulactivity.swf	141.png	98	29	2	(%9 ĐÉn IHÁpXDấn
wonderfulactivity.swf	15_wonderfulactivity.newgamebenifit.back.png	496	480	34	<4 < «PT te v7 2 Z2, =A.1£45U D9 - Xe sQ~” ï “ > _ Máy chủ mới đã|mởyeverteie(/©KÍ)II1g)”đã sẵn sàng. "Z Vànhiều phàn thưởng đang chờ bạn. S5 “ An “Ạ ,Ụ : L4 Z 
wonderfulactivity.swf	162.png	88	144	2	LÀ nu 4 Co L7 ` J ` SỐ? ờ— ” và x9" "2 NI Kó) N vn 4 Co L7 ` J ` SỐ ờ— “và x9" "2 3 v5 Kó)
wonderfulactivity.swf	164.png	88	144	2	LÀ nu 4 Co L7 ` J ` SỐ? ờ— ” và x9" "2 NI Kó) N vn 4 Co L7 ` J ` SỐ ờ— “và x9" "2 3 v5 Kó)
wonderfulactivity.swf	16_wonderfulactivity.conRank.bg.jpg	499	485	39	it cos-weuuvv-vo-vzve ØĐ ` Ẫ \»»Ðua top tiêu phí Nhận quà thả ga ⁄Z J mà E=S5555729595-ezcccrr/nrr./GỚ Í Tiêu phí top 10 nhận thưởng tương ứng, kết thúc sẽ gửi 
wonderfulactivity.swf	17_wonderfulactivity.left.icon_xiaofei.png	37	37	2	ấm) ấm)
wonderfulactivity.swf	18_wonderful.accumulative.prizeBG.png	440	85	8	Mở/quàïnhận!vậtiphẩmïsau Mở/quàïnhận!vậtiphẩmïsau
wonderfulactivity.swf	202.png	102	170	2	sư. 7> Mư/. vz
wonderfulactivity.swf	204.png	102	170	2	sư. 7> Mư/. vz
wonderfulactivity.swf	208.png	102	170	3	L7 1 ưu. 7> 2 2 L7 : ưu. 7À 2 ồ
wonderfulactivity.swf	241.png	191	46	2	Y7 ni 70AØP que: sơn Lô Y7 nà 70A9P Que> sơn Lô
wonderfulactivity.swf	24_wonderfulactivity.big.get.png	106	41	2	(“Nhận”) (“Nhận”)
wonderfulactivity.swf	267.png	191	46	2	~—-Z— gốc, Z0 gốc,
wonderfulactivity.swf	26_wonderfulactivity.tuanjie.back.jpg	496	480	21	oán Kế à SA v * mm As Ï ii J vờ” Miêu tả: ! Phần thưởng: | í a x —. \ s, 1 CN A. ; ⁄ “ NầN "x7 ề.: xã ao 7 4 ở va. ~ ¬ _ w—- ————rrtrrr~TrtttTtntTtmƒTƒtncorT<Tt
wonderfulactivity.swf	271.png	191	46	2	x]_- HH NI đu 2 4 x7_- HH NI đu 4
wonderfulactivity.swf	27_carnicalAct.title6.png	258	43	4	Tiên Phong Vật Tổ Tiên Phong Vật Tổ
wonderfulactivity.swf	303.png	191	46	2	`. Tên CƠ Me “2e er `. Tên CƠ Me “2e e
wonderfulactivity.swf	309.png	191	46	3	` Lố 1T # KÉy sạn An cm ~ ` LẾ 1 7 9 EÉy sạyh nem
wonderfulactivity.swf	311.png	191	46	2	n1 12 dư AI A22. vn 12 dư AI A20.
wonderfulactivity.swf	313.png	191	46	2	lở 0N HE HE lở 0N TỰ lo HE
wonderfulactivity.swf	315.png	191	46	2	. xổ 21T. 2 me œmsn « . xổ 21T, 2m œmn -
wonderfulactivity.swf	319.png	191	46	2	- c hưu NM - c hưu lê NHM
wonderfulactivity.swf	31_carnicalAct.title16.png	183	41	2	VIP.Siêu'Cấp VIP.Siêu'Cấp
wonderfulactivity.swf	334.png	100	100	2	M *% M ” * L > ả M *% M ” * L > ả
wonderfulactivity.swf	338.png	100	100	2	“`. . 5x về “`. . về
wonderfulactivity.swf	33_carnicalAct.title2.png	235	38	4	Vua'Cường/Hóa Vua'Cường/Hóa
wonderfulactivity.swf	347.png	444	75	16	ấ kì _—_—` n n ÝầÖóvóầvẦềvẦÏềẦ}ầó ầó—éwwNwNwNNNNNNwNwv>v>v>.NM N ấ kì _—_—`n n n nầ Ð ÐvwJWwậậ,MềầÏềầjạ v vNmNmm w.
wonderfulactivity.swf	34_wonderfulactivity.gotoRecharge.png	164	52	3	Ngay (Nạp j Co NäNưx. (Nạp j
wonderfulactivity.swf	354.png	100	100	2	7 VU e | An NA VN vớ ì NA hi V 7 VU e vi hi NA v vớ ñ NA V
wonderfulactivity.swf	35_wonderfulactivity.rechargeTille3.png	437	60	8	XE Đề DặO ápxchiếngh U,uggpft - XE Đề DặO ápxchiếngh U,uggpfi -
wonderfulactivity.swf	36_carnicalAct.title18.png	195	43	2	QuàimỗiIngày Quàimỗiingày
wonderfulactivity.swf	39_wonderful.sendGiftActivity.sendBtn.png	152	54	2	| Nhận | | Nhận |
wonderfulactivity.swf	3_carnicalAct.title4.png	233	36	2	Vual©hiuJTôn/Mới Vual©hfiJTôn/Mới
wonderfulactivity.swf	40_wonderful.accumulative.getPrize.png	153	49	6	[Nhận thưởng. [Nhận thưởng.
wonderfulactivity.swf	44_carnicalAct.title10.png	194	39	2	Thú!Thàn Tốc Thú!Thàn Tốc
wonderfulactivity.swf	47_wonderfulactivity.login.bar.png	432	15	6	[GÊẺỆẢÀ)ÀỖ])mI mg ỤỈ K[“—h.. . ĐP Ĩ M.U. .... .... . ‹.."._.....-cc--u„nmnrerrerern 3 MẢÀXÀã]X” ”ọÙĨ. ở ều ỉ ã5353D3D11DỠ375373Ửí/“ốỈ..—— BÀ Ộ NO ‹"" ~...ccnune
wonderfulactivity.swf	4_wonderfulactivity.fighter.back.png	483	341	29	Hỡi/các dũng! sĩ: “&" S | ChiZcànHlànWđàuƠnaạpAxuie-”v Ạ In 0000000 Z^_ẽ sẽ/nhậnYngay#phànAthưởn g7 cư : 4 giá/trị! Si N Mởi/event: ⁄ Ñ CV \ VU Ai Z2 ca. „5 “Tú
wonderfulactivity.swf	52_wonderfulactivity.newgamebenifit.progressbar.png	349	17	2	§ mm Lạ § mm kIạỊ
wonderfulactivity.swf	59_wonderfulactivity.limit.png	101	21	2	Thời gian còn: Thời gian còn:
wonderfulactivity.swf	60_carnicalAct.bg.jpg	496	480	13	xx® - đt Sĩ S`> Yêu cầu Nhận thưởng Trạng thái nhận | | | | | | xx® — < Sĩ S" Yêu cầu Nhận thưởng Trạng thái nhận | | | | | |
wonderfulactivity.swf	67_wonderfulactivity.rechargeTille2.png	466	60	12	x mmmmmmmmmmmn::- =.-”: mm - - x< đ (Shoppint h O in CựcC đ ai đ ƯỢC ïth tê m qu à X| ( ị \ | - é x mmmmmmmrmmrs: - mm T - - x< 3 đ (Shoppint h O in Cực đ ai đ 
wonderfulactivity.swf	68_carnicalAct.title1.png	198	43	4	VuatTăng Cấp VualTăng Cấp
wonderfulactivity.swf	70_wonderfulactivity.left.icon_duihuan.png	37	37	2	ở ở
wonderfulactivity.swf	74_wonderful.sendGiftActivity.bg.png	466	356	4	- - “hồ. _ LH M ở - mi k2 ÊỆY m= Ệ 4 : = ->—. “SA : xi TEng quả, c ở - mA - k2 EỆY m= Ệ 4 :
wonderfulactivity.swf	75_carnicalAct.title11.png	175	43	2	Tiến hóa pet Tiến hóa¡pet
wonderfulactivity.swf	77_carnicalAct.title8.png	186	43	4	Thẻ Siêu(©ấp Thẻ Siêu(©ấp
wonderfulactivity.swf	78_wonderfulactivity.farme.btn.png	187	84	4	2227272 22555555555 ƒ| L | =3 rr /PR Gà? '“Rương Gà? Riu,es ñ l **®s*A®wwsswx ve 777777ZzZz 2227272 22555555555 ƒ| ; | =3 rr /PR Gà? '“Rương Gà? Riu,es ‡ l ***s
wonderfulactivity.swf	7_wonderfulactivity.hero.back.png	496	480	34	4 7 _> xftzluyèmsIinoạisRc nY wĩ —.. ” Anh hùng khắp nơi đều tập trưng tại đây. trở thanh trung tâm thế giới! ˆ Thích làm người nối tiếng (thì hay cốllên nào! „
wonderfulactivity.swf	81_carnicalAct.title9.png	253	44	8	Chiến HồnIRực Rðỡ Chiến Hồn Rực Rỡ
wonderfulactivity.swf	83_wonderfulactivity.rechargeTille1.png	392	60	2	x L WAING N ( 192⁄4UU-)(et9(e X — là (9 Ó q ua.. —+ % tạ “‹ x L WAING N ( IDPXURIOECOXC X l— là (9 Ó q ua.. —+ % tạ “‹
wonderfulactivity.swf	86_carnicalAct.title5.png	242	38	4	Đại Gia'©hâu Báu Đại Gia'©hâu Báu
wonderfulactivity.swf	87_wonderfulactivity.farme.backgroud.png	494	478	16	| Đào kho báu nông trại, : đầu tư ít lời nhiều! 2 .w"]$U? s\ N g | zÈA. ỳ N7 ® Ổ ' " W XSỰ Đào kho báu nông trại, : đầu tư ít lời nhiều! 2 .w"]$U? s\ N g zÈA. ỳ
wonderfulactivity.swf	96_wonderfulactivity.strength4.png	90	43	2	xđz: xđz:
wonderfulactivity.swf	9_wonderfulactivity.selected.png	183	53	2	Lu—<—ờạ ——
worldboss.swf	25_asset.worldBossRoom.menu.open.png	25	40	2	sỹ C cỹ C
worldboss.swf	4_asset.worldbossAwardRoom.rightBg1.png	248	46	4	Chinh/phục 'thằn/thú Chinh¡phục 'thằn/thú
worldboss.swf	66.png	61	90	2	ẻ Là * # =m" ẻ « * # ="
worldboss.swf	6_asset.worldbossRoom.resurrect.png	83	27	2	Hồi sinh Hồi sinh